sheet_title,sheet_key,updated,downloaded
MUDS1 Crop Yield Data,1NQd9v37fxPYgTm4ZJgaaIjPEWP35xrI1t7Ql9tIbITI,2019-06-13T19:03:31Z,2019-06-13T20:04:49Z
MUDS3_NEW Crop Yield Data,1ocNA9keANWwcOwc1cuu9n0h7GZ5E9I6OcVrhNkAM3IU,2019-05-24T15:21:14Z,2019-06-13T20:04:54Z
SWROC Crop Yield Data,1XaW2GEHUZsOgmR4iNlLiUFMTug4vhABWQH0GWnZ9Gco,2019-05-23T18:00:53Z,2019-06-13T20:05:00Z
HICKS_B Crop Yield Data,1Gjh4rT0QGusUg53vxtzVvNuSWdnAUWxcjeotVAMHxgE,2019-05-22T15:52:53Z,2019-06-13T20:05:05Z
WILKIN3 Crop Yield Data,1ix2YZo430iPUM707bx5zteqKOQMZBYPjhkVL6pH7-j0,2019-05-09T03:20:33Z,2019-06-13T20:05:10Z
WILKIN1 Crop Yield Data,18ejBKJUhLIvJTaIT8kUpjTrA4cermcR0oYqc5_vSiWc,2019-05-09T03:20:11Z,2019-06-13T20:05:15Z
WILKIN2 Crop Yield Data,1mWXo3XUU8sAu39OBEQV8NKfSz7triqgh0cszsSo0Dnk,2019-05-09T03:19:39Z,2019-06-13T20:05:20Z
STORY Crop Yield Data,1NxRB-yxj4udfPdDmNG8Z_fo0vtPwpKsGZBX9lQrlQVk,2019-04-30T16:39:27Z,2019-06-13T20:05:25Z
ACRE Crop Yield Data,12mZGdjH8x8KNK-HN9FN28avIrg5vQTyRXFzDu0soRdM,2019-04-10T17:58:54Z,2019-06-13T20:05:30Z
MUDS2 Crop Yield Data,1wd9s-2wxtaAktnXzrbCd6dT4uwAtPhFBxpgXnSdAjPI,2019-03-26T21:36:16Z,2019-06-13T20:05:35Z
MUDS3_OLD Crop Yield Data,1OSjlqokhUK87FobEo16LEQmN0StB4eX6isBT61p6n_A,2019-03-26T21:09:52Z,2019-06-13T20:05:40Z
SERF_SD Crop Yield Data,1q7sAPseaDro8-P_XtQMtI3bKglqERHm7N6o0bqiaXws,2019-03-22T16:36:49Z,2019-06-13T20:05:45Z
FAIRM Crop Yield Data,1X0jX0E68tXf3QXv28aCqDfCfR271YvHrkbq2WN59Y2M,2019-03-22T13:19:51Z,2019-06-13T20:05:50Z
SERF_IA Crop Yield Data,19xdnnSFMtDdLT1m1QgazPr96jOPfqS0-xMbiDRjtW9U,2019-03-07T22:30:12Z,2019-06-13T20:05:55Z
DPAC Crop Yield Data,18LYKhkPq-A_pnDP4rimtJSuoiP5uX07dvlNJnCJbg18,2019-03-05T19:41:53Z,2019-06-13T20:06:01Z
STJOHNS Crop Yield Data,12TAoSZestKv9kcKPN3k2XQJlj5EWJ2rk94YDm7LMxv4,2019-02-27T17:36:42Z,2019-06-13T20:06:05Z
DEFI_R Crop Yield Data,1-IuGjXGnXf1v4LFUBsCqZnp4GP8Aj_UKjCpYuIzry10,2019-02-26T13:28:57Z,2019-06-13T20:06:10Z
CLAY_R Crop Yield Data,1KGF2zuh_SAtJeRzpGcTXN4whr2XYVlFrnjRmRcTDzow,2019-02-11T22:57:51Z,2019-06-13T20:06:15Z
CLAY_U Crop Yield Data,1m1FozqXM0ILuGomSOdB6282w1dxNlRgcvcGSBPhWssY,2019-02-11T22:52:48Z,2019-06-13T20:06:20Z
CLAY_C Crop Yield Data,1Cboi2uNMuvgSEarHgdzz4rFUvk__EYIAJIyyaXUnL78,2019-02-11T22:33:21Z,2019-06-13T20:06:25Z
HENRY Crop Yield Data,1i0O8cn9I7QnpHAyjvjP473nBR2pajTupPbYlICliZNI,2018-10-30T03:59:01Z,2019-06-13T20:06:30Z
DEFI_M Crop Yield Data,1tbyjbZFlevyy3lqGzfLBNj_dPrc5ZGtyvDtsrkL2W7g,2018-10-30T03:50:27Z,2019-06-13T20:06:36Z
HARDIN Crop Yield Data,1yi31gFYqb-kKEZifxbCaBC0yfV68AncB7kuQ28STf24,2018-10-30T03:49:17Z,2019-06-13T20:06:42Z
UBWC Crop Yield Data,1GcJee3F_vkyorfMau3SmrZADZOzVoud1E3pikuPMDHo,2018-10-29T22:10:33Z,2019-06-13T20:06:47Z
AUGLA Crop Yield Data,10NFxJ7udxqw37G2OZTYHOTQKfbMIPkZE8oIo1hcKlZI,2018-10-17T20:24:44Z,2019-06-13T20:06:52Z
VANWERT Crop Yield Data,1CuCMn66-px-lj_IsiE1vYZotqydHzu9SA80giw7otG4,2018-10-09T19:12:35Z,2019-06-13T20:06:58Z
FULTON Crop Yield Data,1L7Wa7iYfk6XtjbdvaWM97wI2GcVKdZeCxYVnywb9048,2018-10-04T16:30:39Z,2019-06-13T20:07:04Z
HARDIN_NW Crop Yield Data,1JIkHe8Vlqp9J6TAoyRQsp7twxZGBFxMzhCl91BWN6P4,2018-06-14T14:04:16Z,2019-06-13T20:07:09Z
TIDE Crop Yield Data,1ccddhFH0VqHLvvSuK3TtrVB1kFbJpcAS8F35W1spOUw,2018-06-13T16:54:52Z,2019-06-13T20:07:14Z
CRAWF Crop Yield Data,1p6RXFEpoM0_X8QbZSwwG1cBI72yyo2P1iSNBeyNTVXk,2018-03-22T16:17:57Z,2019-06-13T20:07:19Z
BATH_A Crop Yield Data,1_JB2JyTZLhfOVvGnFney2Pm0Rp4Zi_UVWa4dRvf_Cd0,2018-02-15T21:03:50Z,2019-06-13T20:07:28Z
MUDS4 Crop Yield Data,1_VrrVn-7eWNUeFil7Ds0SIq6xf-py016LX65QreDYCc,2018-02-11T20:02:58Z,2019-06-13T20:07:33Z
HENRY Crop Yield Data,1i0O8cn9I7QnpHAyjvjP473nBR2pajTupPbYlICliZNI,2019-06-17T18:52:47Z,2019-06-17T18:57:40Z
AUGLA Crop Yield Data,10NFxJ7udxqw37G2OZTYHOTQKfbMIPkZE8oIo1hcKlZI,2019-06-17T18:53:00Z,2019-06-17T18:57:57Z
HICKS_B Weather,1RJFwNqvU_Z1CkwUhZ1y5uOfTz5jbwSdcH-U7czZP9j8,2019-05-20T15:10:48Z,2019-06-18T22:01:27Z
SHEARER Weather,1ZOtmL7EMj8zPGu5SO_TwM1XopDeirO5Rj0ENHngcXtE,2019-05-16T16:54:14Z,2019-06-18T22:01:34Z
HICKORY Weather,1-15xXthnJlI3UHUMIEylniBq0E7LCecMeXOLd3pZN4E,2019-05-16T16:45:15Z,2019-06-18T22:01:40Z
DIKE Weather,1ZEM3EHt-nS0sMOl5J2uNBg7ufRPG1GJSDONlHmNO_s4,2019-05-15T16:34:24Z,2019-06-18T22:01:47Z
SERF_IA Weather,1Mqj20ksjzR05WJ-IAgHraZCfBzv2AWAw9R8iVXJwjFw,2019-05-14T23:10:16Z,2019-06-18T22:01:55Z
MAASS Weather,1MntYz7XqfXmr9N4an5ZJe0REFKWE2hIABbmVCMklvQ4,2019-05-07T21:50:17Z,2019-06-18T22:02:04Z
BEAR Weather,1oUpYKOS-HhKLJpzME0zo8loteFknhbYnOYDaYCz6OHo,2019-05-07T20:19:45Z,2019-06-18T22:02:10Z
STORY Weather,14U42jd6A5uOEQ5-AsfyeWBFc6u_uhOsZMeE9J7IVoTE,2019-05-06T15:14:37Z,2019-06-18T22:02:16Z
BEAR2 Weather,1MHzB-XYahLBnnqzRAv6eCIKL-jAdfsQiA8DIUEnQtno,2019-05-03T18:34:14Z,2019-06-18T22:02:24Z
BENTON Weather,1A4Mo4FmtsC3borOGK95bkCMBkl-dKq7GrTtoNL3g37Q,2019-05-03T17:06:57Z,2019-06-18T22:02:31Z
AUGLA Weather,1CBgIJP2DjZWRZz9KL8B0TbJXNWQWmeXrX-7ONhVWWeY,2019-05-02T21:09:58Z,2019-06-18T22:02:39Z
SERF_SD Weather,1mimdHYLCmBLQV0QIPyCUFuZ9ZmN7pz8Sw6wfh1ONKJI,2019-05-01T22:28:09Z,2019-06-18T22:02:44Z
DPAC Weather,1oCYRKj4HbBJylAGi0WWey2Ixn6sk1ZHqAB0TMQOahh0,2019-04-30T22:14:12Z,2019-06-18T22:02:54Z
MUDS4 Weather,1FVLtgZp8kZ4CBplGPqO2tiPdlSiX4mvS1BBM_Rs2UnM,2019-04-30T22:10:59Z,2019-06-18T22:02:59Z
DEFI_M Weather,1rcXEgkxzEMdzQqOlW5XwIzUwKtoflXDuTbJDSXDW4d8,2019-04-30T22:07:58Z,2019-06-18T22:03:05Z
HARDIN Weather,1t2A0s8g6UnwH8Wlg-UtDWQ6BjsAPddWgzQ4qxl8L1dw,2019-04-30T22:06:44Z,2019-06-18T22:03:12Z
HARDIN_NW Weather,1XNbVHbxZvWBuaz1Ylr1h7r7Wj7Yj1O5bMUPD8PbD84U,2019-04-30T22:05:26Z,2019-06-18T22:03:19Z
HENRY Weather,1u86BZwI5TQdTcDWJU7TLVcQIF680LAI_p6VFzFXDzgc,2019-04-30T22:04:29Z,2019-06-18T22:03:24Z
STJOHNS Weather,1jiS7hd1KTVBjZVlXDt31EYeV7yMcrbGiM-RStL68ACE,2019-04-30T22:03:18Z,2019-06-18T22:03:32Z
TIDE Weather,1M3zewHuUs-RuzN_rMDIY4YDVjZorPtr4Ed2cSNNg438,2019-04-30T21:35:14Z,2019-06-18T22:03:38Z
ACRE Weather,1FDN49ZKcmUD1YNJe3OdaYS9Pqt4ipjPgjwwGRW2TGtg,2019-04-10T19:24:51Z,2019-06-18T22:04:03Z
SWROC Weather,1dqm1aW4-P2DNg1sygjURlVttakXsnTpBFVZfqIRoP0o,2019-03-20T18:25:07Z,2019-06-18T22:04:09Z
MUDS1 Weather,1FhdGewFb9ZduUk5alA6I34eQWUkcQOJBhJDaMF2jIZ0,2019-03-04T22:28:20Z,2019-06-18T22:04:15Z
MUDS3_NEW Weather,1GYaNx8i_DGZlMuYtwdgYp_ZBEVe1yZvzqnpQeVTL36A,2019-03-04T22:28:09Z,2019-06-18T22:04:21Z
MUDS3_OLD Weather,1alEljlRryMhes4-yTz75y3gulz0sR4NNGlpKlZ6RnvQ,2019-03-04T19:46:54Z,2019-06-18T22:04:27Z
MUDS2 Weather,1ujXfbxUl96aRtfkSurYKTyshPGJcLcsbf5ls_EYMd5o,2019-03-04T16:48:07Z,2019-06-18T22:04:33Z
WILKIN1 Weather,1YKPYYk_n3VQBV-oU5ccA3gFoONyX2UNSABMZO72OtaM,2019-02-21T22:16:56Z,2019-06-18T22:04:39Z
FAIRM Weather,1AwvkzDvWtPM1JqjBeaiScWMfj0rDWE4lP92WJyBR7qs,2019-02-18T21:50:10Z,2019-06-18T22:04:45Z
CLAY_R Weather,1VzC5Xa7b_AHwIhRkUE_3ft_Rqbt1DEZH8Hdo8TnUGJE,2019-02-12T23:40:01Z,2019-06-18T22:04:51Z
CLAY_C Weather,1aigebjkOvzBfg4hadMuHor1u3GDImv_CudoIDkb9-IY,2019-02-12T23:25:51Z,2019-06-18T22:04:56Z
CLAY_U Weather,1GUPk_hx75KHJDgRB-3mC668gh_fLWT4sCuqYXbzr0Yw,2019-02-12T23:02:10Z,2019-06-18T22:05:03Z
CRAWF Weather,1rcXugW-Xh2AUBeHkfXSdzqRASy-n-iTkSbvCRU4vGFo,2018-07-24T22:31:23Z,2019-06-18T22:05:08Z
VANWERT Weather,1FNz0Vo5qnVW3FCQbIhjVofSUrROgdOjoupyJIbr0H4A,2018-04-02T20:22:41Z,2019-06-18T22:05:22Z
FULTON Weather,15B3BBxcfluwgF8hk3ljxRZtrRgcCQbO6FSWDzj2b1og,2018-04-02T20:21:12Z,2019-06-18T22:05:37Z
UBWC Weather,11XrYrN4sGh3wtFQiqGsoJsRFaEirROsA3FspiIr2w0I,2018-04-02T20:17:55Z,2019-06-18T22:05:43Z
DEFI_R Weather,1IHK6c0_rI1X1gBqYImpppJxGUpBfbG8flI4DVaZttkU,2018-04-02T18:30:56Z,2019-06-18T22:05:57Z
BATH_A Weather,10dvdHxJXTgYeJNGHGvEdPQNX2FKkwegwqlSYR4pZUCk,2018-04-02T17:31:13Z,2019-06-18T22:06:03Z
DEFI_R Weather,1IHK6c0_rI1X1gBqYImpppJxGUpBfbG8flI4DVaZttkU,2019-06-19T16:48:05Z,2019-06-19T16:49:47Z
MAASS Weather,1MntYz7XqfXmr9N4an5ZJe0REFKWE2hIABbmVCMklvQ4,2019-06-19T18:59:38Z,2019-06-19T19:00:39Z
SWROC Weather,1dqm1aW4-P2DNg1sygjURlVttakXsnTpBFVZfqIRoP0o,2019-06-19T19:29:49Z,2019-06-19T19:31:43Z
SWROC Weather,1dqm1aW4-P2DNg1sygjURlVttakXsnTpBFVZfqIRoP0o,2019-06-19T19:32:45Z,2019-06-19T19:33:43Z
BEAR2 Weather,1MHzB-XYahLBnnqzRAv6eCIKL-jAdfsQiA8DIUEnQtno,2019-06-20T16:35:16Z,2019-06-20T17:07:25Z
BENTON Weather,1A4Mo4FmtsC3borOGK95bkCMBkl-dKq7GrTtoNL3g37Q,2019-06-20T17:04:25Z,2019-06-20T17:07:41Z
DIKE Weather,1ZEM3EHt-nS0sMOl5J2uNBg7ufRPG1GJSDONlHmNO_s4,2019-06-20T17:24:20Z,2019-06-20T17:25:38Z
AUGLA Weather,1CBgIJP2DjZWRZz9KL8B0TbJXNWQWmeXrX-7ONhVWWeY,2019-06-20T17:45:18Z,2019-06-20T18:14:11Z
DEFI_M Weather,1rcXEgkxzEMdzQqOlW5XwIzUwKtoflXDuTbJDSXDW4d8,2019-06-20T17:50:26Z,2019-06-20T18:14:25Z
HARDIN_NW Weather,1XNbVHbxZvWBuaz1Ylr1h7r7Wj7Yj1O5bMUPD8PbD84U,2019-06-20T18:11:37Z,2019-06-20T18:14:43Z
HARDIN_NW Weather,1XNbVHbxZvWBuaz1Ylr1h7r7Wj7Yj1O5bMUPD8PbD84U,2019-06-20T18:30:54Z,2019-06-20T18:32:43Z
SERF_SD Weather,1mimdHYLCmBLQV0QIPyCUFuZ9ZmN7pz8Sw6wfh1ONKJI,2019-06-20T18:37:32Z,2019-06-20T18:38:38Z
TIDE Weather,1M3zewHuUs-RuzN_rMDIY4YDVjZorPtr4Ed2cSNNg438,2019-06-20T19:21:55Z,2019-06-20T19:24:17Z
TD Site Keys,1PjB63WtYRyYnasm5mmLUF2-WdHuc_3dA_q8iEVV_C28,2019-06-14T15:27:47Z,2019-06-20T19:48:50Z
DEFI_R Weather,1IHK6c0_rI1X1gBqYImpppJxGUpBfbG8flI4DVaZttkU,2019-06-28T17:06:31Z,2019-06-28T17:41:44Z
HICKS_B Weather,1RJFwNqvU_Z1CkwUhZ1y5uOfTz5jbwSdcH-U7czZP9j8,2019-05-20T15:10:48Z,2019-07-05T14:43:53Z
SHEARER Weather,1ZOtmL7EMj8zPGu5SO_TwM1XopDeirO5Rj0ENHngcXtE,2019-05-16T16:54:14Z,2019-07-05T14:43:59Z
HICKORY Weather,1-15xXthnJlI3UHUMIEylniBq0E7LCecMeXOLd3pZN4E,2019-05-16T16:45:15Z,2019-07-05T14:44:05Z
DIKE Weather,1ZEM3EHt-nS0sMOl5J2uNBg7ufRPG1GJSDONlHmNO_s4,2019-06-20T17:24:39Z,2019-07-05T14:44:13Z
SERF_IA Weather,1Mqj20ksjzR05WJ-IAgHraZCfBzv2AWAw9R8iVXJwjFw,2019-05-14T23:10:16Z,2019-07-05T14:44:20Z
MAASS Weather,1MntYz7XqfXmr9N4an5ZJe0REFKWE2hIABbmVCMklvQ4,2019-06-19T18:59:38Z,2019-07-05T14:44:26Z
BEAR Weather,1oUpYKOS-HhKLJpzME0zo8loteFknhbYnOYDaYCz6OHo,2019-06-19T22:59:56Z,2019-07-05T14:44:33Z
STORY Weather,14U42jd6A5uOEQ5-AsfyeWBFc6u_uhOsZMeE9J7IVoTE,2019-05-06T15:14:37Z,2019-07-05T14:44:39Z
BEAR2 Weather,1MHzB-XYahLBnnqzRAv6eCIKL-jAdfsQiA8DIUEnQtno,2019-06-20T16:35:16Z,2019-07-05T14:44:45Z
BENTON Weather,1A4Mo4FmtsC3borOGK95bkCMBkl-dKq7GrTtoNL3g37Q,2019-06-20T17:04:25Z,2019-07-05T14:44:51Z
AUGLA Weather,1CBgIJP2DjZWRZz9KL8B0TbJXNWQWmeXrX-7ONhVWWeY,2019-06-20T17:45:18Z,2019-07-05T14:45:00Z
SERF_SD Weather,1mimdHYLCmBLQV0QIPyCUFuZ9ZmN7pz8Sw6wfh1ONKJI,2019-06-20T18:38:12Z,2019-07-05T14:45:07Z
DPAC Weather,1oCYRKj4HbBJylAGi0WWey2Ixn6sk1ZHqAB0TMQOahh0,2019-04-30T22:14:12Z,2019-07-05T14:45:16Z
MUDS4 Weather,1FVLtgZp8kZ4CBplGPqO2tiPdlSiX4mvS1BBM_Rs2UnM,2019-04-30T22:10:59Z,2019-07-05T14:45:21Z
DEFI_M Weather,1rcXEgkxzEMdzQqOlW5XwIzUwKtoflXDuTbJDSXDW4d8,2019-06-20T17:50:26Z,2019-07-05T14:45:27Z
HARDIN Weather,1t2A0s8g6UnwH8Wlg-UtDWQ6BjsAPddWgzQ4qxl8L1dw,2019-04-30T22:06:44Z,2019-07-05T14:45:32Z
HARDIN_NW Weather,1XNbVHbxZvWBuaz1Ylr1h7r7Wj7Yj1O5bMUPD8PbD84U,2019-06-20T18:30:54Z,2019-07-05T14:45:38Z
HENRY Weather,1u86BZwI5TQdTcDWJU7TLVcQIF680LAI_p6VFzFXDzgc,2019-04-30T22:04:29Z,2019-07-05T14:45:44Z
STJOHNS Weather,1jiS7hd1KTVBjZVlXDt31EYeV7yMcrbGiM-RStL68ACE,2019-07-03T17:31:27Z,2019-07-05T14:45:51Z
TIDE Weather,1M3zewHuUs-RuzN_rMDIY4YDVjZorPtr4Ed2cSNNg438,2019-06-20T19:21:55Z,2019-07-05T14:45:56Z
ACRE Weather,1FDN49ZKcmUD1YNJe3OdaYS9Pqt4ipjPgjwwGRW2TGtg,2019-04-10T19:24:51Z,2019-07-05T14:46:22Z
SWROC Weather,1dqm1aW4-P2DNg1sygjURlVttakXsnTpBFVZfqIRoP0o,2019-06-19T19:33:12Z,2019-07-05T14:46:27Z
MUDS1 Weather,1FhdGewFb9ZduUk5alA6I34eQWUkcQOJBhJDaMF2jIZ0,2019-03-04T22:28:20Z,2019-07-05T14:46:34Z
MUDS3_NEW Weather,1GYaNx8i_DGZlMuYtwdgYp_ZBEVe1yZvzqnpQeVTL36A,2019-03-04T22:28:09Z,2019-07-05T14:46:39Z
MUDS3_OLD Weather,1alEljlRryMhes4-yTz75y3gulz0sR4NNGlpKlZ6RnvQ,2019-03-04T19:46:54Z,2019-07-05T14:46:45Z
MUDS2 Weather,1ujXfbxUl96aRtfkSurYKTyshPGJcLcsbf5ls_EYMd5o,2019-03-04T16:48:07Z,2019-07-05T14:46:51Z
WILKIN1 Weather,1YKPYYk_n3VQBV-oU5ccA3gFoONyX2UNSABMZO72OtaM,2019-02-21T22:16:56Z,2019-07-05T14:46:56Z
FAIRM Weather,1AwvkzDvWtPM1JqjBeaiScWMfj0rDWE4lP92WJyBR7qs,2019-02-18T21:50:10Z,2019-07-05T14:47:01Z
CLAY_R Weather,1VzC5Xa7b_AHwIhRkUE_3ft_Rqbt1DEZH8Hdo8TnUGJE,2019-02-12T23:40:01Z,2019-07-05T14:47:06Z
CLAY_C Weather,1aigebjkOvzBfg4hadMuHor1u3GDImv_CudoIDkb9-IY,2019-02-12T23:25:51Z,2019-07-05T14:47:12Z
CLAY_U Weather,1GUPk_hx75KHJDgRB-3mC668gh_fLWT4sCuqYXbzr0Yw,2019-02-12T23:02:10Z,2019-07-05T14:47:18Z
CRAWF Weather,1rcXugW-Xh2AUBeHkfXSdzqRASy-n-iTkSbvCRU4vGFo,2018-07-24T22:31:23Z,2019-07-05T14:47:23Z
VANWERT Weather,1FNz0Vo5qnVW3FCQbIhjVofSUrROgdOjoupyJIbr0H4A,2019-07-03T15:46:31Z,2019-07-05T14:47:42Z
FULTON Weather,15B3BBxcfluwgF8hk3ljxRZtrRgcCQbO6FSWDzj2b1og,2019-07-01T15:42:02Z,2019-07-05T14:48:10Z
UBWC Weather,11XrYrN4sGh3wtFQiqGsoJsRFaEirROsA3FspiIr2w0I,2018-04-02T20:17:55Z,2019-07-05T14:48:15Z
DEFI_R Weather,1IHK6c0_rI1X1gBqYImpppJxGUpBfbG8flI4DVaZttkU,2019-06-28T22:30:16Z,2019-07-05T14:49:11Z
BATH_A Weather,10dvdHxJXTgYeJNGHGvEdPQNX2FKkwegwqlSYR4pZUCk,2018-04-02T17:31:13Z,2019-07-05T14:49:16Z
VANWERT Weather,1FNz0Vo5qnVW3FCQbIhjVofSUrROgdOjoupyJIbr0H4A,2019-07-05T17:02:03Z,2019-07-05T17:03:30Z
SERF_SD Weather,1mimdHYLCmBLQV0QIPyCUFuZ9ZmN7pz8Sw6wfh1ONKJI,2019-07-05T18:19:58Z,2019-07-05T18:20:33Z
DEFI_R Weather,1IHK6c0_rI1X1gBqYImpppJxGUpBfbG8flI4DVaZttkU,2019-07-05T20:28:52Z,2019-07-05T20:29:28Z
MAASS Weather,1MntYz7XqfXmr9N4an5ZJe0REFKWE2hIABbmVCMklvQ4,2019-07-05T20:51:07Z,2019-07-05T20:52:26Z
STJOHNS Water Table Depth,1bxyvvA0DCWeZC_OIAdX7oJLp5g2sqUcb6fs6HkSe75A,2019-08-29T18:59:19Z,2019-08-29T19:09:20Z
DEFI_R Water Table Depth 2003-2007 from leveloggers,1LjnDvJy93kk94F8oTrH-7MmFhR-nuDwLB02oryu7teE,2019-08-29T19:12:21Z,2019-08-29T19:13:01Z
DEFI_R Water Table Depth 2000-2007 manual readings,1GLxwd9exilRFk-gkD2JEx-PD2XyYRNBG7NlKXhQzh0c,2019-08-29T19:12:08Z,2019-08-29T19:13:10Z
STJOHNS Water Table Depth,1bxyvvA0DCWeZC_OIAdX7oJLp5g2sqUcb6fs6HkSe75A,2019-08-29T18:59:19Z,2019-08-29T19:13:22Z
WILKIN1 Water Table Depth,1tYHvz07nhPDb9K1h9zoyp5cM3fg2juAPLTBkiiB6RXc,2019-08-29T18:54:14Z,2019-08-29T19:13:32Z
WILKIN3 Water Table Depth,1w_3_0tTpYDUu191zjnQogIxYAlrtpiGxdtTm9RN5cuI,2019-08-29T18:51:11Z,2019-08-29T19:13:41Z
ACRE Water Table Depth,1rhK5Hp70FH6vhuqkw7mbS4gTlxdh3g2wvXGmeH_leIU,2019-08-29T18:37:04Z,2019-08-29T19:13:52Z
BEAR Water Table Depth,1QNOjM8bZhBQrzdq-K-8xjt4o6x2xDubyqtmcmo-j0N0,2019-07-02T16:33:14Z,2019-08-29T19:14:09Z
BEAR2 Water Table Depth,1dBxgoYRIFarbruXYRivf16MMilNe_9MuQmJcvI0SMfY,2019-05-28T22:06:59Z,2019-08-29T19:14:20Z
MAASS Water Table Depth,1bp4-1mCpjMzzF_5XXudPORtz24kCahLFUpz4XrPOLXE,2019-05-09T22:54:51Z,2019-08-29T19:14:43Z
FAIRM Water Table Depth,1COnzhKXyxxSqFLcUhSW5Roc_5D237fpwI9xfT9DhGk4,2019-03-21T19:46:20Z,2019-08-29T19:15:00Z
DPAC Water Table Depth,1ozq5Xl6VBazcEDc88Oy3dIo36adYgPdVhhpCu1Hm01w,2019-03-07T19:18:42Z,2019-08-29T19:15:15Z
TIDE Water Table Depth,1gNnrd4dRQh0x1M_v4MUSEUv23CLC1VTSJ7zWbn7XxRQ,2019-02-27T21:10:47Z,2019-08-29T19:15:28Z
CLAY_R Water Table Depth,1FZjuDt6AtP0CZdaqqYKeWeRZNH592DMH5im623xZ-0w,2019-02-13T21:54:12Z,2019-08-29T19:15:43Z
CLAY_C Water Table Depth,10-2ndNGyage5DnTQkJTrQ625_PT8P_L-oi3s2rNH8NQ,2019-02-13T21:06:56Z,2019-08-29T19:15:58Z
CLAY_U Water Table Depth,1MMFPxPdf7Am07GtrdCsS14TyJm5C75n8jTF4t083VPE,2019-02-13T20:35:15Z,2019-08-29T19:16:12Z
SERF_SD Water Table Depth,1AszVdlvHQXRcYIg2cy2PUOnxZEXK5EXMcEFx4oZFCJ0,2018-04-03T19:44:46Z,2019-08-29T19:16:23Z
HICKS_P Water Table Depth,1d2wlQpujw1i91brykn7eszFILOwhvIUrVRZTVJ65q3w,2018-02-19T19:12:18Z,2019-08-29T19:16:34Z
HICKS_B Water Table Depth,1Hq3HaIL5Vl8aUNphSuofpB19xloPsqZojNPvffndyZQ,2018-02-16T17:52:55Z,2019-08-29T19:16:46Z
BATH_A Water Table Depth,1tKcGCtUUBMqfFL0_nF_opp0c6-qR-5NNKfEeA8u_NWc,2018-02-15T21:04:47Z,2019-08-29T19:16:56Z
SERF_IA Water Table Depth,1pG264E_2Vpq3uzkCYlYQNYdO44fyzUQMBjNgb5Kc_qQ,2018-01-22T20:00:01Z,2019-08-29T19:17:10Z
SERF_SD Water Table Depth,1AszVdlvHQXRcYIg2cy2PUOnxZEXK5EXMcEFx4oZFCJ0,2019-08-29T20:57:48Z,2019-08-29T20:59:01Z
STJOHNS Water Table Depth,1bxyvvA0DCWeZC_OIAdX7oJLp5g2sqUcb6fs6HkSe75A,2019-08-29T21:59:20Z,2019-08-29T22:00:24Z
STJOHNS Water Table Depth,1bxyvvA0DCWeZC_OIAdX7oJLp5g2sqUcb6fs6HkSe75A,2019-08-29T22:04:33Z,2019-08-29T22:05:05Z
STJOHNS Water Table Depth,1bxyvvA0DCWeZC_OIAdX7oJLp5g2sqUcb6fs6HkSe75A,2019-08-29T22:05:42Z,2019-08-29T22:07:04Z
HENRY WQ,1WBUxqTDX7i3DeiaU9SG6VbgpIs9G300nYI1USvymdes,2019-08-30T16:02:59Z,2019-08-30T16:14:39Z
HARDIN_NW WQ,18B4C0NU1LYjjGmN2Eeejyg4c5C9XIn6NdJscWQkKbu8,2019-08-30T16:01:27Z,2019-08-30T16:14:49Z
DEFI_R WQ 2000-2007 Lysimeter,1qAYftykDBZ3Am5wSYVDw9aGSesbwQXW4SvUg0YcFxlY,2019-08-29T19:13:34Z,2019-08-30T16:15:05Z
SERF_IA WQ,1wn0wtiszIYiw8nkJ5nS71BgBXkNZvXndjzv877-OGaA,2019-06-27T05:06:07Z,2019-08-30T16:15:17Z
ACRE WQ,1jcHZ3QhTdWnHsciFeFASUJ4_xq1XIJuJLCNY6aTWffM,2019-06-26T13:27:29Z,2019-08-30T16:15:26Z
STORY WQ,1NuIFzkdC9CNaYJGaAWy79Cjd56Cs6OSne06tPPiveNw,2019-05-23T18:55:39Z,2019-08-30T16:15:36Z
UBWC WQ,1t0fn7WPHQT2GePdP8DA0-xxpTHGWt0_0ieoe28neHZA,2019-05-23T18:03:32Z,2019-08-30T16:15:47Z
SWROC WQ,1W-1dcAa1_q-qxZ49DdPLh9Kl5MKvKRyqTfnRbOsulbQ,2019-05-23T18:01:01Z,2019-08-30T16:15:57Z
HICKS_B WQ,1Oaj6PhIMfSp5z7TMTTwXrmaQFN_YOGJlpZ7yD2gQ7wo,2019-05-23T17:48:28Z,2019-08-30T16:16:08Z
BATH_A WQ,1BzG9P1d-mRDuTGsV2Yac4qNt0uuaFG9u7zmUIdn8Ubc,2019-05-23T15:48:38Z,2019-08-30T16:16:19Z
MUDS4 WQ,1GlpbNPpo8F-Mv3VxLSvCiKj4pnMCg8iznCxNZ5QDK5s,2019-05-23T15:28:48Z,2019-08-30T16:16:29Z
SERF_SD WQ,1HogzMxru0zPjeqyHxleEhQlqxF7lhOxNzqT696l-SIc,2019-05-20T19:03:24Z,2019-08-30T16:16:40Z
STJOHNS WQ,1DBYtUXiVnDHxxyc5vofsfyK3K_eZMHih2eL1V1CuPmA,2019-05-20T18:51:19Z,2019-08-30T16:16:50Z
WILKIN3 WQ,1t0Q2q7eWKH_752A1QMttgu9w6EtoyV_tGdz0BCOwYF0,2019-05-09T03:13:12Z,2019-08-30T16:17:01Z
MAASS WQ,1Ie6ALCPtSNA5epXRS3uSNmqCGiXoHQgRn6yNMRlU2os,2019-05-01T16:13:36Z,2019-08-30T16:17:11Z
BEAR WQ,1is6ew4AHLGhZXz3jUPqb8hW2IqqOJYSIsxN8u5i-Ddc,2019-05-01T15:32:35Z,2019-08-30T16:17:21Z
DIKE WQ,15NpTKGPhJhdsjBN_ijz3sbWxD6fQ_i0RBEjRZC2GwHk,2019-04-30T15:56:34Z,2019-08-30T16:17:31Z
SHEARER WQ,1Pv9OaimU3UajYhXK5ZxmHyEWE6DyZEpuyJgZjag1uTY,2019-04-30T15:37:11Z,2019-08-30T16:17:42Z
BENTON WQ,1gQ6kqskcXSKAnrOS9bC9lM3Hn2d56_HHUbdo4SlipoE,2019-04-30T15:23:44Z,2019-08-30T16:17:53Z
BEAR2 WQ,1i4V2Jxj5K5exqDecDAqCQSQawvACFXlRM9QnzeWk9R4,2019-04-29T19:41:32Z,2019-08-30T16:18:03Z
FAIRM WQ,1vcSBTdkA76-rCyvRlSmVMGMLZC4fpdakZmWDRdsP7yY,2019-04-26T14:01:44Z,2019-08-30T16:18:14Z
MUDS3_OLD WQ,1Dlles_UaKPFqZAmnNnEyqmgpv-qnh-8Ox1ZZiw9c9FQ,2019-03-26T14:48:35Z,2019-08-30T16:18:24Z
CLAY_R WQ,1ogDS_uQyaqRyS1XNiWFSH457lhzyp5SOsyGOQ75DBWI,2019-03-12T21:00:18Z,2019-08-30T16:18:34Z
DPAC WQ,1Q4tWzAuPCYTY3f_2Nxgv95cfHc5pKWoQA1LjOOZYn60,2019-03-07T20:22:25Z,2019-08-30T16:18:45Z
WILKIN1 WQ,1DV8tVMevh-b8RsSGHOD9I5H-S3bXsn5yrQgIh9aDDqQ,2019-03-05T15:52:21Z,2019-08-30T16:18:54Z
WILKIN2 WQ,1xx4mDSaGna7WWvz0VOPStg_2tKpRQ8zsuI4gFWRWutk,2019-02-22T17:47:07Z,2019-08-30T16:19:04Z
CLAY_C WQ,1zuiYfajD3ZozXXTz7Svjia79Oo0SlSZYFhdMOCQRmXI,2019-02-15T23:11:05Z,2019-08-30T16:19:15Z
HICKORY WQ,1jHswNDQ1a5jfDobak7lO7ky_yu-wcTNiOQtrE70ND2I,2018-11-30T15:17:17Z,2019-08-30T16:19:25Z
DEFI_R WQ 1999-2008,1QU0VbW2b4TmP8ErGupFUEt7bkb2K8LC6JUriTO6igrk,2018-10-01T16:45:13Z,2019-08-30T16:19:37Z
FULTON WQ 2000-2009,18WXYAbH-xfOSdVo7XCz-falN9SUKXgufkRqrJAJyBoo,2018-10-01T15:06:44Z,2019-08-30T16:19:51Z
VANWERT WQ 2001-2009,1-Ym0ZtkzeTIU6LRDbnFZG91Zr4aqOEzaJmAfp1v0DK4,2018-09-28T23:16:59Z,2019-08-30T16:20:04Z
AUGLA WQ,1x7hBKVXSFBG7jymKYSVs6Ey-z7xqeCCPTdV64kBCg5Y,2018-04-02T21:29:15Z,2019-08-30T16:20:14Z
TIDE WQ,1nXPVBRJoOWc1KUEpqJKTOjGKXmpEskYCaYkQcjL9zQE,2018-02-23T17:20:07Z,2019-08-30T16:20:25Z
CRAWF WQ,1S2Ev_POr3FrP5BIHE2vt9ctRjS1-vzPJGHg2XLyOiTw,2018-02-22T23:03:25Z,2019-08-30T16:20:35Z
DEFI_M WQ,1UYiouU0L6bc-c_wp-1xV4JJSMJijQ0N1xADsGSGsE7o,2018-02-22T22:53:53Z,2019-08-30T16:20:45Z
HARDIN WQ,1HSc1LtOgUIp92XCKC_UTT1P8zo8HTySs8-rKFoOKAfM,2018-02-22T22:46:01Z,2019-08-30T16:20:55Z
MUDS2 WQ,1vwYc-1NUhB-l0uFZx-4US2xjQMthHI6rbKXIJc--OT0,2018-02-11T05:34:56Z,2019-08-30T16:21:06Z
MUDS3_NEW WQ,1BfMPtyhBKAoodjviEDQbclCsJHInmbSGgFbupMfR5f0,2018-02-11T05:00:14Z,2019-08-30T16:21:16Z
MAASS WQ,1Ie6ALCPtSNA5epXRS3uSNmqCGiXoHQgRn6yNMRlU2os,2019-08-30T17:14:13Z,2019-08-30T17:15:31Z
MAASS WQ,1Ie6ALCPtSNA5epXRS3uSNmqCGiXoHQgRn6yNMRlU2os,2019-08-30T17:14:35Z,2019-08-30T19:46:25Z
MAASS WQ,1Ie6ALCPtSNA5epXRS3uSNmqCGiXoHQgRn6yNMRlU2os,2019-08-30T19:51:46Z,2019-08-30T19:52:20Z
DEFI_R WQ 2000-2007 Lysimeter,1qAYftykDBZ3Am5wSYVDw9aGSesbwQXW4SvUg0YcFxlY,2019-09-04T18:41:38Z,2019-09-04T18:47:24Z
DEFI_R WQ 1999-2008,1QU0VbW2b4TmP8ErGupFUEt7bkb2K8LC6JUriTO6igrk,2019-09-04T18:35:55Z,2019-09-04T18:51:23Z
FULTON WQ 2000-2009,18WXYAbH-xfOSdVo7XCz-falN9SUKXgufkRqrJAJyBoo,2019-09-04T18:35:16Z,2019-09-04T18:51:50Z
VANWERT WQ 2001-2009,1-Ym0ZtkzeTIU6LRDbnFZG91Zr4aqOEzaJmAfp1v0DK4,2019-09-04T18:34:28Z,2019-09-04T18:52:24Z
DEFI_R WQ 2000-2007 Lysimeter,1qAYftykDBZ3Am5wSYVDw9aGSesbwQXW4SvUg0YcFxlY,2019-09-04T18:41:38Z,2019-09-04T18:58:55Z
DEFI_R WQ 2000-2007 Lysimeter,1qAYftykDBZ3Am5wSYVDw9aGSesbwQXW4SvUg0YcFxlY,2019-09-04T19:16:41Z,2019-09-04T19:29:44Z
DEFI_R WQ 1999-2008,1QU0VbW2b4TmP8ErGupFUEt7bkb2K8LC6JUriTO6igrk,2019-09-04T19:19:40Z,2019-09-04T19:32:18Z
FULTON WQ 2000-2009,18WXYAbH-xfOSdVo7XCz-falN9SUKXgufkRqrJAJyBoo,2019-09-04T19:17:01Z,2019-09-04T19:32:36Z
VANWERT WQ 2001-2009,1-Ym0ZtkzeTIU6LRDbnFZG91Zr4aqOEzaJmAfp1v0DK4,2019-09-04T19:16:19Z,2019-09-04T19:32:57Z
VANWERT WQ 2001-2009,1-Ym0ZtkzeTIU6LRDbnFZG91Zr4aqOEzaJmAfp1v0DK4,2019-09-04T22:35:27Z,2019-09-04T22:38:33Z
FULTON WQ 2000-2009,18WXYAbH-xfOSdVo7XCz-falN9SUKXgufkRqrJAJyBoo,2019-09-04T22:35:15Z,2019-09-04T22:38:44Z
DEFI_R WQ 1999-2008,1QU0VbW2b4TmP8ErGupFUEt7bkb2K8LC6JUriTO6igrk,2019-09-04T22:34:29Z,2019-09-04T22:38:58Z
DEFI_R WQ 2000-2007 Lysimeter,1qAYftykDBZ3Am5wSYVDw9aGSesbwQXW4SvUg0YcFxlY,2019-09-04T22:20:35Z,2019-09-04T22:39:17Z
SERF_SD WQ,1HogzMxru0zPjeqyHxleEhQlqxF7lhOxNzqT696l-SIc,2019-09-05T15:31:59Z,2019-09-05T15:33:31Z
SWROC WQ,1W-1dcAa1_q-qxZ49DdPLh9Kl5MKvKRyqTfnRbOsulbQ,2019-09-05T16:03:09Z,2019-09-05T16:03:51Z
VANWERT WQ 2001-2009,1-Ym0ZtkzeTIU6LRDbnFZG91Zr4aqOEzaJmAfp1v0DK4,2019-09-05T17:34:38Z,2019-09-05T17:37:21Z
DEFI_R WQ 1999-2008,1QU0VbW2b4TmP8ErGupFUEt7bkb2K8LC6JUriTO6igrk,2019-09-05T17:59:19Z,2019-09-05T18:01:36Z
DEFI_R WQ 1999-2008,1QU0VbW2b4TmP8ErGupFUEt7bkb2K8LC6JUriTO6igrk,2019-09-05T20:17:19Z,2019-09-05T20:19:24Z
FULTON WQ 2000-2009,18WXYAbH-xfOSdVo7XCz-falN9SUKXgufkRqrJAJyBoo,2019-09-05T21:34:44Z,2019-09-05T21:36:46Z
VANWERT WQ 2001-2009,1-Ym0ZtkzeTIU6LRDbnFZG91Zr4aqOEzaJmAfp1v0DK4,2019-09-05T23:25:59Z,2019-09-05T23:28:30Z
FULTON WQ 2000-2009,18WXYAbH-xfOSdVo7XCz-falN9SUKXgufkRqrJAJyBoo,2019-09-05T21:34:44Z,2019-09-05T23:28:41Z
DEFI_R WQ 1999-2008,1QU0VbW2b4TmP8ErGupFUEt7bkb2K8LC6JUriTO6igrk,2019-09-05T23:24:54Z,2019-09-05T23:28:55Z
STORY WQ,1NuIFzkdC9CNaYJGaAWy79Cjd56Cs6OSne06tPPiveNw,2019-09-06T19:54:36Z,2019-09-06T19:56:42Z
DEFI_R WQ 1999-2008,1QU0VbW2b4TmP8ErGupFUEt7bkb2K8LC6JUriTO6igrk,2019-09-06T21:03:08Z,2019-09-06T21:05:23Z
VANWERT WQ 2001-2009,1-Ym0ZtkzeTIU6LRDbnFZG91Zr4aqOEzaJmAfp1v0DK4,2019-09-06T21:20:24Z,2019-09-06T21:23:20Z
FULTON WQ 2000-2009,18WXYAbH-xfOSdVo7XCz-falN9SUKXgufkRqrJAJyBoo,2019-09-06T21:23:00Z,2019-09-06T22:06:16Z
VANWERT WQ 2001-2009,1-Ym0ZtkzeTIU6LRDbnFZG91Zr4aqOEzaJmAfp1v0DK4,2019-09-06T21:20:24Z,2019-09-06T22:06:22Z
VANWERT WQ 2001-2009,1-Ym0ZtkzeTIU6LRDbnFZG91Zr4aqOEzaJmAfp1v0DK4,2019-09-09T19:48:29Z,2019-09-09T19:51:33Z
FULTON WQ 2000-2009,18WXYAbH-xfOSdVo7XCz-falN9SUKXgufkRqrJAJyBoo,2019-09-09T19:48:40Z,2019-09-09T19:51:48Z
DEFI_R WQ 1999-2008,1QU0VbW2b4TmP8ErGupFUEt7bkb2K8LC6JUriTO6igrk,2019-09-09T19:48:05Z,2019-09-09T19:51:58Z
DEFI_R WQ 2000-2007 Lysimeter,1qAYftykDBZ3Am5wSYVDw9aGSesbwQXW4SvUg0YcFxlY,2019-09-09T19:49:17Z,2019-09-09T19:52:10Z
VANWERT WQ 2001-2009,1-Ym0ZtkzeTIU6LRDbnFZG91Zr4aqOEzaJmAfp1v0DK4,2019-09-10T21:49:43Z,2019-09-10T22:03:37Z
DEFI_R WQ 1999-2008,1QU0VbW2b4TmP8ErGupFUEt7bkb2K8LC6JUriTO6igrk,2019-09-10T21:50:42Z,2019-09-10T22:03:50Z
FULTON WQ 2000-2009,18WXYAbH-xfOSdVo7XCz-falN9SUKXgufkRqrJAJyBoo,2019-09-10T21:50:37Z,2019-09-10T22:03:59Z
DEFI_R WQ 2000-2007 Lysimeter,1qAYftykDBZ3Am5wSYVDw9aGSesbwQXW4SvUg0YcFxlY,2019-09-10T21:53:13Z,2019-09-10T22:04:25Z
CLAY_R Turbidity,1RNhJ4093hmbHCPfQqBeBrvCld6cBlXNxD2yOkoJVloE,2019-03-08T15:58:55Z,2019-09-23T17:46:48Z
DEFI_R WQ 2000-2007 Lysimeter,1qAYftykDBZ3Am5wSYVDw9aGSesbwQXW4SvUg0YcFxlY,2019-09-10T21:53:13Z,2019-10-02T19:04:37Z
DEFI_R WQ 1999-2008,1QU0VbW2b4TmP8ErGupFUEt7bkb2K8LC6JUriTO6igrk,2019-09-10T21:50:42Z,2019-10-02T19:04:45Z
FULTON WQ 2000-2009,18WXYAbH-xfOSdVo7XCz-falN9SUKXgufkRqrJAJyBoo,2019-09-10T21:50:37Z,2019-10-02T19:04:51Z
VANWERT WQ 2001-2009,1-Ym0ZtkzeTIU6LRDbnFZG91Zr4aqOEzaJmAfp1v0DK4,2019-09-10T21:49:43Z,2019-10-02T19:04:58Z
STORY WQ,1NuIFzkdC9CNaYJGaAWy79Cjd56Cs6OSne06tPPiveNw,2019-09-06T19:55:17Z,2019-10-02T19:05:04Z
UBWC WQ,1t0fn7WPHQT2GePdP8DA0-xxpTHGWt0_0ieoe28neHZA,2019-09-06T15:42:17Z,2019-10-02T19:05:12Z
HICKS_B WQ,1Oaj6PhIMfSp5z7TMTTwXrmaQFN_YOGJlpZ7yD2gQ7wo,2019-09-05T19:05:48Z,2019-10-02T19:05:18Z
SWROC WQ,1W-1dcAa1_q-qxZ49DdPLh9Kl5MKvKRyqTfnRbOsulbQ,2019-09-05T16:03:19Z,2019-10-02T19:05:24Z
SERF_SD WQ,1HogzMxru0zPjeqyHxleEhQlqxF7lhOxNzqT696l-SIc,2019-09-05T15:32:24Z,2019-10-02T19:05:30Z
MAASS WQ,1Ie6ALCPtSNA5epXRS3uSNmqCGiXoHQgRn6yNMRlU2os,2019-08-30T19:52:00Z,2019-10-02T19:05:35Z
HENRY WQ,1WBUxqTDX7i3DeiaU9SG6VbgpIs9G300nYI1USvymdes,2019-08-30T16:02:59Z,2019-10-02T19:05:41Z
HARDIN_NW WQ,18B4C0NU1LYjjGmN2Eeejyg4c5C9XIn6NdJscWQkKbu8,2019-08-30T16:01:27Z,2019-10-02T19:05:47Z
SERF_IA WQ,1wn0wtiszIYiw8nkJ5nS71BgBXkNZvXndjzv877-OGaA,2019-06-27T05:06:07Z,2019-10-02T19:05:54Z
ACRE WQ,1jcHZ3QhTdWnHsciFeFASUJ4_xq1XIJuJLCNY6aTWffM,2019-06-26T13:27:29Z,2019-10-02T19:06:00Z
BATH_A WQ,1BzG9P1d-mRDuTGsV2Yac4qNt0uuaFG9u7zmUIdn8Ubc,2019-05-23T15:48:38Z,2019-10-02T19:06:06Z
MUDS4 WQ,1GlpbNPpo8F-Mv3VxLSvCiKj4pnMCg8iznCxNZ5QDK5s,2019-05-23T15:28:48Z,2019-10-02T19:06:12Z
STJOHNS WQ,1DBYtUXiVnDHxxyc5vofsfyK3K_eZMHih2eL1V1CuPmA,2019-05-20T18:51:19Z,2019-10-02T19:06:18Z
WILKIN3 WQ,1t0Q2q7eWKH_752A1QMttgu9w6EtoyV_tGdz0BCOwYF0,2019-05-09T03:13:12Z,2019-10-02T19:06:25Z
BEAR WQ,1is6ew4AHLGhZXz3jUPqb8hW2IqqOJYSIsxN8u5i-Ddc,2019-05-01T15:32:35Z,2019-10-02T19:06:30Z
DIKE WQ,15NpTKGPhJhdsjBN_ijz3sbWxD6fQ_i0RBEjRZC2GwHk,2019-04-30T15:56:34Z,2019-10-02T19:06:37Z
SHEARER WQ,1Pv9OaimU3UajYhXK5ZxmHyEWE6DyZEpuyJgZjag1uTY,2019-04-30T15:37:11Z,2019-10-02T19:06:44Z
BENTON WQ,1gQ6kqskcXSKAnrOS9bC9lM3Hn2d56_HHUbdo4SlipoE,2019-04-30T15:23:44Z,2019-10-02T19:06:50Z
BEAR2 WQ,1i4V2Jxj5K5exqDecDAqCQSQawvACFXlRM9QnzeWk9R4,2019-04-29T19:41:32Z,2019-10-02T19:06:57Z
FAIRM WQ,1vcSBTdkA76-rCyvRlSmVMGMLZC4fpdakZmWDRdsP7yY,2019-04-26T14:01:44Z,2019-10-02T19:07:03Z
MUDS3_OLD WQ,1Dlles_UaKPFqZAmnNnEyqmgpv-qnh-8Ox1ZZiw9c9FQ,2019-03-26T14:48:35Z,2019-10-02T19:07:09Z
CLAY_R WQ,1ogDS_uQyaqRyS1XNiWFSH457lhzyp5SOsyGOQ75DBWI,2019-03-12T21:00:18Z,2019-10-02T19:07:15Z
DPAC WQ,1Q4tWzAuPCYTY3f_2Nxgv95cfHc5pKWoQA1LjOOZYn60,2019-03-07T20:22:25Z,2019-10-02T19:07:22Z
WILKIN1 WQ,1DV8tVMevh-b8RsSGHOD9I5H-S3bXsn5yrQgIh9aDDqQ,2019-03-05T15:52:21Z,2019-10-02T19:07:27Z
WILKIN2 WQ,1xx4mDSaGna7WWvz0VOPStg_2tKpRQ8zsuI4gFWRWutk,2019-02-22T17:47:07Z,2019-10-02T19:07:35Z
CLAY_C WQ,1zuiYfajD3ZozXXTz7Svjia79Oo0SlSZYFhdMOCQRmXI,2019-02-15T23:11:05Z,2019-10-02T19:07:41Z
HICKORY WQ,1jHswNDQ1a5jfDobak7lO7ky_yu-wcTNiOQtrE70ND2I,2018-11-30T15:17:17Z,2019-10-02T19:07:47Z
AUGLA WQ,1x7hBKVXSFBG7jymKYSVs6Ey-z7xqeCCPTdV64kBCg5Y,2018-04-02T21:29:15Z,2019-10-02T19:07:54Z
TIDE WQ,1nXPVBRJoOWc1KUEpqJKTOjGKXmpEskYCaYkQcjL9zQE,2018-02-23T17:20:07Z,2019-10-02T19:08:00Z
CRAWF WQ,1S2Ev_POr3FrP5BIHE2vt9ctRjS1-vzPJGHg2XLyOiTw,2018-02-22T23:03:25Z,2019-10-02T19:08:06Z
DEFI_M WQ,1UYiouU0L6bc-c_wp-1xV4JJSMJijQ0N1xADsGSGsE7o,2018-02-22T22:53:53Z,2019-10-02T19:08:13Z
HARDIN WQ,1HSc1LtOgUIp92XCKC_UTT1P8zo8HTySs8-rKFoOKAfM,2018-02-22T22:46:01Z,2019-10-02T19:08:20Z
MUDS2 WQ,1vwYc-1NUhB-l0uFZx-4US2xjQMthHI6rbKXIJc--OT0,2018-02-11T05:34:56Z,2019-10-02T19:08:26Z
MUDS3_NEW WQ,1BfMPtyhBKAoodjviEDQbclCsJHInmbSGgFbupMfR5f0,2018-02-11T05:00:14Z,2019-10-02T19:08:32Z
CLAY_R Turbidity,1RNhJ4093hmbHCPfQqBeBrvCld6cBlXNxD2yOkoJVloE,2019-09-23T18:13:25Z,2019-10-02T19:08:38Z
BEAR2 Water Table Depth,1dBxgoYRIFarbruXYRivf16MMilNe_9MuQmJcvI0SMfY,2019-09-25T19:40:38Z,2019-10-02T20:58:40Z
CLAY_U Water Table Depth,1MMFPxPdf7Am07GtrdCsS14TyJm5C75n8jTF4t083VPE,2019-09-24T21:23:41Z,2019-10-02T20:58:51Z
STJOHNS Water Table Depth,1bxyvvA0DCWeZC_OIAdX7oJLp5g2sqUcb6fs6HkSe75A,2019-08-29T22:05:57Z,2019-10-02T20:59:02Z
DEFI_R Water Table Depth 2000-2007 manual readings,1GLxwd9exilRFk-gkD2JEx-PD2XyYRNBG7NlKXhQzh0c,2019-08-29T21:08:02Z,2019-10-02T20:59:16Z
SERF_SD Water Table Depth,1AszVdlvHQXRcYIg2cy2PUOnxZEXK5EXMcEFx4oZFCJ0,2019-08-29T20:57:52Z,2019-10-02T20:59:23Z
DEFI_R Water Table Depth 2003-2007 from leveloggers,1LjnDvJy93kk94F8oTrH-7MmFhR-nuDwLB02oryu7teE,2019-08-29T19:12:21Z,2019-10-02T20:59:45Z
WILKIN1 Water Table Depth,1tYHvz07nhPDb9K1h9zoyp5cM3fg2juAPLTBkiiB6RXc,2019-08-29T18:54:14Z,2019-10-02T20:59:50Z
WILKIN3 Water Table Depth,1w_3_0tTpYDUu191zjnQogIxYAlrtpiGxdtTm9RN5cuI,2019-08-29T18:51:11Z,2019-10-02T20:59:56Z
ACRE Water Table Depth,1rhK5Hp70FH6vhuqkw7mbS4gTlxdh3g2wvXGmeH_leIU,2019-08-29T18:37:04Z,2019-10-02T21:00:02Z
BEAR Water Table Depth,1QNOjM8bZhBQrzdq-K-8xjt4o6x2xDubyqtmcmo-j0N0,2019-07-02T16:33:14Z,2019-10-02T21:00:12Z
MAASS Water Table Depth,1bp4-1mCpjMzzF_5XXudPORtz24kCahLFUpz4XrPOLXE,2019-05-09T22:54:51Z,2019-10-02T21:00:20Z
FAIRM Water Table Depth,1COnzhKXyxxSqFLcUhSW5Roc_5D237fpwI9xfT9DhGk4,2019-03-21T19:46:20Z,2019-10-02T21:00:32Z
DPAC Water Table Depth,1ozq5Xl6VBazcEDc88Oy3dIo36adYgPdVhhpCu1Hm01w,2019-03-07T19:18:42Z,2019-10-02T21:00:42Z
TIDE Water Table Depth,1gNnrd4dRQh0x1M_v4MUSEUv23CLC1VTSJ7zWbn7XxRQ,2019-02-27T21:10:47Z,2019-10-02T21:00:51Z
CLAY_R Water Table Depth,1FZjuDt6AtP0CZdaqqYKeWeRZNH592DMH5im623xZ-0w,2019-02-13T21:54:12Z,2019-10-02T21:01:00Z
CLAY_C Water Table Depth,10-2ndNGyage5DnTQkJTrQ625_PT8P_L-oi3s2rNH8NQ,2019-02-13T21:06:56Z,2019-10-02T21:01:11Z
HICKS_P Water Table Depth,1d2wlQpujw1i91brykn7eszFILOwhvIUrVRZTVJ65q3w,2018-02-19T19:12:18Z,2019-10-02T21:01:16Z
HICKS_B Water Table Depth,1Hq3HaIL5Vl8aUNphSuofpB19xloPsqZojNPvffndyZQ,2018-02-16T17:52:55Z,2019-10-02T21:01:23Z
BATH_A Water Table Depth,1tKcGCtUUBMqfFL0_nF_opp0c6-qR-5NNKfEeA8u_NWc,2018-02-15T21:04:47Z,2019-10-02T21:01:29Z
SERF_IA Water Table Depth,1pG264E_2Vpq3uzkCYlYQNYdO44fyzUQMBjNgb5Kc_qQ,2018-01-22T20:00:01Z,2019-10-02T21:01:44Z
BEAR2 Water Table Depth,1dBxgoYRIFarbruXYRivf16MMilNe_9MuQmJcvI0SMfY,2019-10-02T21:06:11Z,2019-10-02T21:07:03Z
ACRE Piezometer,1Nf-w7p_ZEJQ1Rfp9WV0WbkvB4VC3e-QesktEUV60MeU,2019-08-29T18:36:08Z,2019-10-02T21:24:00Z
WILKIN2 Piezometer,1B82X40sc0jqfRGFkYkjWBkTg969aOd8e-iZd4ynE8ys,2019-08-29T18:35:15Z,2019-10-02T21:24:05Z
ACRE Piezometer,1Nf-w7p_ZEJQ1Rfp9WV0WbkvB4VC3e-QesktEUV60MeU,2019-10-02T21:25:20Z,2019-10-02T21:25:39Z
DEFI_R Water Table Depth 2000-2007 manual readings,1GLxwd9exilRFk-gkD2JEx-PD2XyYRNBG7NlKXhQzh0c,2019-10-03T21:17:06Z,2019-10-03T21:18:59Z
BEAR Water Table Depth,1QNOjM8bZhBQrzdq-K-8xjt4o6x2xDubyqtmcmo-j0N0,2019-10-03T21:38:50Z,2019-10-03T21:42:20Z
TIDE Water Table Depth,1gNnrd4dRQh0x1M_v4MUSEUv23CLC1VTSJ7zWbn7XxRQ,2019-10-07T14:07:56Z,2019-10-07T14:14:47Z
SERF_IA Water Table Depth,1pG264E_2Vpq3uzkCYlYQNYdO44fyzUQMBjNgb5Kc_qQ,2019-10-11T18:05:04Z,2019-10-11T18:26:18Z
SERF_SD Water Table Depth,1AszVdlvHQXRcYIg2cy2PUOnxZEXK5EXMcEFx4oZFCJ0,2019-10-07T16:18:20Z,2019-10-11T18:26:38Z
STJOHNS Water Table Depth,1bxyvvA0DCWeZC_OIAdX7oJLp5g2sqUcb6fs6HkSe75A,2019-10-07T20:25:23Z,2019-10-11T18:26:58Z
TIDE Water Table Depth,1gNnrd4dRQh0x1M_v4MUSEUv23CLC1VTSJ7zWbn7XxRQ,2019-10-07T14:22:05Z,2019-10-11T18:27:14Z
CLAY_C Water Table Depth,10-2ndNGyage5DnTQkJTrQ625_PT8P_L-oi3s2rNH8NQ,2019-02-13T21:06:56Z,2019-10-11T18:27:39Z
BEAR2 Water Table Depth,1dBxgoYRIFarbruXYRivf16MMilNe_9MuQmJcvI0SMfY,2019-10-11T19:06:06Z,2019-10-11T19:07:49Z
STJOHNS Water Table Depth,1bxyvvA0DCWeZC_OIAdX7oJLp5g2sqUcb6fs6HkSe75A,2019-10-11T18:48:21Z,2019-10-11T19:13:51Z
TIDE Water Table Depth,1gNnrd4dRQh0x1M_v4MUSEUv23CLC1VTSJ7zWbn7XxRQ,2019-10-11T20:51:09Z,2019-10-11T20:54:17Z
HICKS_B Water Table Depth,1Hq3HaIL5Vl8aUNphSuofpB19xloPsqZojNPvffndyZQ,2019-10-11T21:04:21Z,2019-10-11T21:05:56Z
FAIRM Water Table Depth,1COnzhKXyxxSqFLcUhSW5Roc_5D237fpwI9xfT9DhGk4,2019-10-11T21:11:58Z,2019-10-11T21:14:24Z
ACRE Water Table Depth,1rhK5Hp70FH6vhuqkw7mbS4gTlxdh3g2wvXGmeH_leIU,2019-10-11T21:20:22Z,2019-10-11T21:21:23Z
BEAR2 Water Table Depth,1dBxgoYRIFarbruXYRivf16MMilNe_9MuQmJcvI0SMfY,2019-10-11T21:23:35Z,2019-10-11T21:24:28Z
STJOHNS Water Table Depth,1bxyvvA0DCWeZC_OIAdX7oJLp5g2sqUcb6fs6HkSe75A,2019-10-11T21:25:44Z,2019-10-11T21:28:52Z
CLAY_R Tile Water EC,1n_33ZqlvyMQJ2rsTEwPFjSPJHTxHqiItRXhBNLJsGEk,2019-03-12T18:15:33Z,2019-10-15T16:08:03Z
CLAY_R Tile Water EC RAW DATA,1urr4RHGjESwuHzIeS-RT8PWnkIOrRLhldKttzqGEgCo,2019-02-19T18:50:05Z,2019-10-15T16:08:03Z
FAIRM Tile Water EC,12OW6YKU1tfUzaReR28z00gDEVZTXS3-5PuUsjgVdhkQ,2019-03-22T13:24:47Z,2019-10-15T16:08:19Z
VANWERT Wetland Stage 2008-2009,1cKOC5AtNHuifDeSHAp4JiYQjWw8mJGQiW7X_yTXgyMw,2019-10-15T19:13:29Z,2019-10-15T19:15:01Z
DEFI_R Stage Wetland 2004-2009,1rMOeW6txNg2GJXs70FSzgIdO9_jz8V-IfmOXS2X4spg,2019-10-15T19:12:16Z,2019-10-15T19:15:07Z
DEFI_R Stage Reservoir 2004-2009,1NSlp-Iz8FMCIzA7-ZbtI3AdKVnkKiArgO4eqAk86kd4,2019-10-15T19:12:05Z,2019-10-15T19:15:14Z
FULTON Wetland Stage 2008-2011,1FS7q_OBTRDHuxJmLgwlNBBZpXhijuJZNDosgN9tTpoU,2019-10-15T19:09:48Z,2019-10-15T19:15:20Z
DEFI_R Stage Reservoir 2004-2009,1NSlp-Iz8FMCIzA7-ZbtI3AdKVnkKiArgO4eqAk86kd4,2019-10-15T20:13:46Z,2019-10-15T20:14:28Z
DEFI_R Stage Reservoir 2004-2009,1NSlp-Iz8FMCIzA7-ZbtI3AdKVnkKiArgO4eqAk86kd4,2019-10-15T20:13:46Z,2019-10-15T20:14:54Z
SWROC Irrigation Water Depth,1ZWkt1ADRbQHc1rz9nljls1enOk_3UaBpWf1Bnoziak4,2019-03-27T15:05:58Z,2019-10-15T21:29:51Z
FAIRM Irrigation Water Depth,1Ks1LxSueF6JsDXdX-JAL8LCNLyjxPWOSUh3qT-QYywE,2019-03-22T13:42:32Z,2019-10-15T21:29:57Z
CLAY_R Irrigation Water Depth,1I3-EqEn39yuuBfwqeWoPoPF6MGga3pj383kQx3JBtUk,2019-03-14T13:34:14Z,2019-10-15T21:30:03Z
DEFI_M Tile Flow,1vxlYDqRgID1os0Q5zXThk_8RVzqWduYNDOQ_SEObLak,2019-10-15T21:41:41Z,2019-10-15T21:44:34Z
FILLED - DEFI_M Tile Flow,1yj4yjga8CV9B4QWX3y3cLDLT2gSGcll10W76-KZpe-M,2018-11-15T17:32:36Z,2019-10-15T21:44:34Z
GV - DEFI_M Tile Flow,1o0H-f3eVJ0L_LhluDzVWgpHjJeXHT8RsCzmU_F4_EvM,2018-07-24T21:13:35Z,2019-10-15T21:44:34Z
MUDS3_NEW Tile Flow,19zZ4wsvalt2lAT7DFsxVJhEmATYckM4ZUK8hy3t3pQU,2019-10-15T21:37:06Z,2019-10-15T21:44:41Z
ACRE Tile Flow,1u0HvKaAvjTjE7QC610gauuXIa2WrXwzdQTeFzKzMAjk,2019-10-15T18:52:18Z,2019-10-15T21:44:54Z
BEAR Tile Flow,1TOsGsGYInujmni04MPKCRZ0VJPjSyZ2h06TBjFSuaQ0,2019-09-25T15:05:35Z,2019-10-15T21:45:01Z
BEAR2 Tile Flow,1kKJNiG0lRgjYLmeBsdBPHi0INoeF8SdE0N9XjhxJRh8,2019-09-24T17:11:38Z,2019-10-15T21:45:09Z
SWROC Tile Flow,1CIw345UztORlCVCthF34u21cr8kjaPoZzTUVN9d_bFg,2019-05-28T22:23:14Z,2019-10-15T21:45:15Z
DIKE Tile Flow,1HewiYHzCetHv0DOIQMdZFbS8cds9cHaNigJvezbPDQo,2019-05-16T20:20:58Z,2019-10-15T21:45:23Z
SHEARER Tile Flow,1pzwKsa_klMvOrdajHVCbu83b9lj-1-yZgbnVrhbOPaY,2019-05-16T17:23:01Z,2019-10-15T21:45:30Z
STJOHNS Tile Flow,1ia4AUxICcMQ1mD4giprJfJpx8OOABlXU_O2IodFc9RQ,2019-05-14T22:19:13Z,2019-10-15T21:45:42Z
FILLED - STJOHNS Tile Flow,1W2s2tfoGJs0kmRqFv4tYb2GAKCbKuGT9qk6OqTAxUd0,2018-11-15T17:30:17Z,2019-10-15T21:45:42Z
GV - STJOHNS Tile Flow,1ITEBPp2e14_sCirJv5E47qLh1oDpQjhwQ5_g2bTOs7E,2018-07-26T18:24:56Z,2019-10-15T21:45:42Z
AUGLA Tile Flow,14c2NbJLP3YlmNNuaq4d2ZaTrA0bdM6DQ_n7mhKXGhss,2019-05-14T20:55:39Z,2019-10-15T21:45:51Z
FILLED - AUGLA Tile Flow,1xexenKatcVTRG0aIwgGSPpttNZg35NvAGrHV65067v8,2018-11-15T17:34:17Z,2019-10-15T21:45:51Z
GV - AUGLA Tile Flow,12m_CTvQiMrJYX-sF2H8XZt7aTlKe84lZeCj-jzZsLoU,2018-07-11T19:54:32Z,2019-10-15T21:45:51Z
CRAWF Tile Flow,1FG3pGpqGBREa8ozdxlR4pmXAnmnNpVLLkQjVw4BzAsU,2019-05-14T20:53:02Z,2019-10-15T21:46:05Z
FILLED - CRAWF Tile Flow,1mNdvmOJy6hnAdszYflmRnxk_yfZLSJ50_hMPbFjKs4M,2018-11-15T17:33:31Z,2019-10-15T21:46:05Z
GV - CRAWF Tile Flow,1_h-bNQwT_9QIlJefmEImcJfvw_lpS0RIm751buF89Hg,2018-07-26T19:25:31Z,2019-10-15T21:46:05Z
HARDIN_NW Tile Flow,1lislaJuz7ObJeBlPCpSp65fBgYIpPoeQ5iWUil3L8EE,2019-05-14T20:36:07Z,2019-10-15T21:46:12Z
FILLED - HARDIN_NW Tile Flow,1P0n6Jg-Zprgx6XYFL3epBtZ2G9UOJ8rUvk0yZH_4O8o,2018-11-15T17:31:11Z,2019-10-15T21:46:12Z
GV - HARDIN_NW Tile Flow,1pSmEgRWc0kHDY0EM-0cL37OxOan-ydQNxrKQR0Wtu6g,2018-07-23T22:42:12Z,2019-10-15T21:46:12Z
HICKS_B Tile Flow,1Q5o3W217bQnZsyMWGNDRglqG_-wLX-T4qYIolNMJFHw,2019-05-14T20:22:21Z,2019-10-15T21:46:18Z
FILLED - HICKS_B Tile Flow,153ZRPpto9LGuQJo75LGbD09Y2RwrF0upDdhSIU83Rfc,2019-05-14T20:21:45Z,2019-10-15T21:46:18Z
FILLED - HICKS_B Tile Flow,153ZRPpto9LGuQJo75LGbD09Y2RwrF0upDdhSIU83Rfc,2019-05-14T20:21:45Z,2019-10-15T21:46:27Z
WILKIN3 Tile Flow,1VeUcHVG8P7E9vm0DXKmmTU88oeMUSCkqREdYdC_btws,2019-05-06T20:31:25Z,2019-10-15T21:46:36Z
WILKIN2 Tile Flow,1rA-GdogBq_sPEus0NVCqmagS4ZdvNWBr9R6eyQuJY8E,2019-05-06T18:03:48Z,2019-10-15T21:46:49Z
BENTON Tile Flow,1HHtjXXsCrjA8H21gHVaL4BZ_naEqtcYoSLJl2bVV8Dc,2019-04-30T15:26:22Z,2019-10-15T21:46:56Z
MAASS Tile Flow,1fknn_glYnW0YjAloCLpXfFoquXlR_RH7EU7l6izR-h0,2019-04-29T22:11:15Z,2019-10-15T21:47:03Z
HICKORY Tile Flow,1donVYD6USyvBrJD-YaGzPcEVOBFilZ64zmBz2AQ7fko,2019-04-29T20:22:50Z,2019-10-15T21:47:11Z
UBWC Tile Flow,1wTAmWaKpbn59DSRUbeojvIrTS6QgtJzVmoawagyx4l8,2019-04-23T18:59:37Z,2019-10-15T21:47:18Z
COMPLETE - UBWC Tile Flow,1Z0VCy7BsjQ_JhsSpcZwSq6-wS7s-eDkOofyPzQuWjYA,2018-11-05T20:06:19Z,2019-10-15T21:47:18Z
CLAY_R Tile Flow,1F3VGEL3u-w-1_UhafkPXg6J8mMkLHZTcjArMDFun9as,2019-03-29T13:43:41Z,2019-10-15T21:47:30Z
FAIRM Tile Flow,1CmAZFG313DD5C_z1BLPYmrEZd5caj7abSMS69ymSaXI,2019-03-28T21:22:40Z,2019-10-15T21:47:37Z
MUDS3_OLD Tile Flow,1T3n9oZPuIOG0CUVu2o0RxTu-nx79QoRJFEVEHeA0Q2Y,2019-03-26T21:22:11Z,2019-10-15T21:47:43Z
COMPLETE - MUDS3_OLD Tile Flow,17gYL1oMpTuHORrZbSLYzXr0nWxB1AJWA_kZaDyAij4c,2018-11-05T20:09:42Z,2019-10-15T21:47:43Z
CLAY_C Tile Flow,1PEbvLGIbKZ2yL0LPhuzrJgGJTrGVkKHLiggwvfRTiwE,2019-03-22T14:31:15Z,2019-10-15T21:47:57Z
DPAC Tile Flow,1zTSpe03MMdFPeX0VaoAESAoIjLAklIl2R_7WDsatKlw,2019-03-05T19:42:39Z,2019-10-15T21:48:06Z
DAILY CLEAN - DPAC Tile Flow,1QWM8rU9JRplOXKR5NNzD-fDKROgCuOuiKOYAL-D3d6w,2018-11-16T18:03:50Z,2019-10-15T21:48:06Z
MUDS2 Tile Flow,1swwdPzJXeB1G09KHnovNt-BhHeIi3iYlY2Mu2k-KV9Y,2019-03-04T17:01:47Z,2019-10-15T21:48:12Z
COMPLETE - MUDS2 Tile Flow,1KECqEE80nikN33V4j4WNgqfPWtsxwMtaVFC1HJbZjo8,2018-11-05T20:11:21Z,2019-10-15T21:48:12Z
MUDS4 Tile Flow,1O2YA0WYFdvp4SndF_bD1-XabLgmrvWnj31vcUE6qm8A,2019-02-28T21:12:58Z,2019-10-15T21:48:19Z
COMPLETE - MUDS4 Tile Flow,1siglQ1_iEvL6Nej-NN2_yPX7pEueGburKyafp8GQ5wI,2018-11-05T20:10:08Z,2019-10-15T21:48:19Z
WILKIN1 Tile Flow,1jj8453XM72qJBoRbu9pIYSJkP-IbJCJBQTfvocfZz-E,2019-02-21T23:13:18Z,2019-10-15T21:48:30Z
TIDE Tile Flow,1njFb5xIUFI0t6YIfwZlM-9YNlj15Kp9TOeG7zpdNWkA,2018-12-12T20:54:26Z,2019-10-15T21:48:37Z
FILLED - TIDE Tile Flow,1AnBDPuCmTMRIu_2JfuU_hvi4HNR9N9Fi9HNQrBZnZhA,2018-03-06T19:14:09Z,2019-10-15T21:48:37Z
DAILY CLEAN - HENRY Tile Flow,105_RXDcMxQkFLRfqgfCGi2VmrPlsDVhoEtdw9LamVGQ,2018-11-30T22:42:07Z,2019-10-15T21:48:44Z
DAILY CLEAN - DPAC Tile Flow,1QWM8rU9JRplOXKR5NNzD-fDKROgCuOuiKOYAL-D3d6w,2018-11-16T18:03:50Z,2019-10-15T21:48:51Z
FILLED - AUGLA Tile Flow,1xexenKatcVTRG0aIwgGSPpttNZg35NvAGrHV65067v8,2018-11-15T17:34:17Z,2019-10-15T21:48:57Z
FILLED - CRAWF Tile Flow,1mNdvmOJy6hnAdszYflmRnxk_yfZLSJ50_hMPbFjKs4M,2018-11-15T17:33:31Z,2019-10-15T21:49:09Z
FILLED - DEFI_M Tile Flow,1yj4yjga8CV9B4QWX3y3cLDLT2gSGcll10W76-KZpe-M,2018-11-15T17:32:36Z,2019-10-15T21:49:15Z
FILLED - HARDIN_NW Tile Flow,1P0n6Jg-Zprgx6XYFL3epBtZ2G9UOJ8rUvk0yZH_4O8o,2018-11-15T17:31:11Z,2019-10-15T21:49:22Z
FILLED - STJOHNS Tile Flow,1W2s2tfoGJs0kmRqFv4tYb2GAKCbKuGT9qk6OqTAxUd0,2018-11-15T17:30:17Z,2019-10-15T21:49:30Z
DAILY CLEAN - SERF_IA Tile Flow,1E8He8fLjgKuGnrnOFAofUoqnd_KNeFX1jnHvC-ArHtw,2018-11-12T22:16:31Z,2019-10-15T21:49:37Z
DAILY CLEAN - SERF_IA Tile Flow,1E8He8fLjgKuGnrnOFAofUoqnd_KNeFX1jnHvC-ArHtw,2018-11-12T22:16:31Z,2019-10-15T21:49:48Z
SERF_IA Tile Flow,1jMxNDuV8-zKXOvVn-Jce-c8httpSkZWqBFdz0BXvGqM,2018-11-12T20:16:36Z,2019-10-15T21:49:48Z
DAILY CLEAN - SERF_SD Tile Flow,1jpPy5-ltWk933l3lnBnnQYgmaboQQORC7J5iAUP2oAs,2018-11-08T20:37:20Z,2019-10-15T21:49:55Z
DAILY CLEAN - HARDIN Tile Flow,1YIdBxqnWUIG4TSfTgh_D4_zUNkpgjDIzPr_K67-nMeI,2018-11-08T20:24:09Z,2019-10-15T21:50:01Z
DAILY CLEAN - HENRY Tile Flow,105_RXDcMxQkFLRfqgfCGi2VmrPlsDVhoEtdw9LamVGQ,2018-11-30T22:42:07Z,2019-10-15T21:50:07Z
HENRY Tile Flow,1rkfqQryWlUZoxeepkuE7RFRlo1boz1EYjlkTn_TLmBg,2018-11-08T19:57:43Z,2019-10-15T21:50:07Z
DAILY CLEAN - HARDIN Tile Flow,1YIdBxqnWUIG4TSfTgh_D4_zUNkpgjDIzPr_K67-nMeI,2018-11-08T20:24:09Z,2019-10-15T21:50:13Z
HARDIN Tile Flow,1vMuJNWOT4xXk1lM3veKWw5fkUeF45Bb_y-7Hhq7yPHU,2018-11-08T19:48:24Z,2019-10-15T21:50:13Z
COMPLETE - MUDS2 Tile Flow,1KECqEE80nikN33V4j4WNgqfPWtsxwMtaVFC1HJbZjo8,2018-11-05T20:11:21Z,2019-10-15T21:50:20Z
COMPLETE - MUDS4 Tile Flow,1siglQ1_iEvL6Nej-NN2_yPX7pEueGburKyafp8GQ5wI,2018-11-05T20:10:08Z,2019-10-15T21:50:27Z
COMPLETE - MUDS3_OLD Tile Flow,17gYL1oMpTuHORrZbSLYzXr0nWxB1AJWA_kZaDyAij4c,2018-11-05T20:09:42Z,2019-10-15T21:50:33Z
COMPLETE - STORY Tile Flow,1h7wOhrSINEBkGtghNHMO8LKA6WBEw3W81Pnfvt6ItA0,2018-11-05T20:08:47Z,2019-10-15T21:50:40Z
COMPLETE - UBWC Tile Flow,1Z0VCy7BsjQ_JhsSpcZwSq6-wS7s-eDkOofyPzQuWjYA,2018-11-05T20:06:19Z,2019-10-15T21:50:46Z
COMPLETE - STORY Tile Flow,1h7wOhrSINEBkGtghNHMO8LKA6WBEw3W81Pnfvt6ItA0,2018-11-05T20:08:47Z,2019-10-15T21:50:53Z
STORY Tile Flow,1Q_KRoIPlbwjrZ9BfXI7tCGJCgrirAu4Olv3j8bTowiA,2018-10-08T20:22:40Z,2019-10-15T21:50:53Z
GV - CRAWF Tile Flow,1_h-bNQwT_9QIlJefmEImcJfvw_lpS0RIm751buF89Hg,2018-07-26T19:25:31Z,2019-10-15T21:50:59Z
GV - STJOHNS Tile Flow,1ITEBPp2e14_sCirJv5E47qLh1oDpQjhwQ5_g2bTOs7E,2018-07-26T18:24:56Z,2019-10-15T21:51:06Z
GV - DEFI_M Tile Flow,1o0H-f3eVJ0L_LhluDzVWgpHjJeXHT8RsCzmU_F4_EvM,2018-07-24T21:13:35Z,2019-10-15T21:51:12Z
GV - HARDIN_NW Tile Flow,1pSmEgRWc0kHDY0EM-0cL37OxOan-ydQNxrKQR0Wtu6g,2018-07-23T22:42:12Z,2019-10-15T21:51:19Z
GV - AUGLA Tile Flow,12m_CTvQiMrJYX-sF2H8XZt7aTlKe84lZeCj-jzZsLoU,2018-07-11T19:54:32Z,2019-10-15T21:51:25Z
FILLED - TIDE Tile Flow,1AnBDPuCmTMRIu_2JfuU_hvi4HNR9N9Fi9HNQrBZnZhA,2018-03-06T19:14:09Z,2019-10-15T21:51:32Z
BATH_A Tile Flow,1UWod6LSFOCJVLoZfcQKRa_CHJX54NHzTKC9hSLokSrk,2018-02-15T21:05:36Z,2019-10-15T21:51:38Z
DAILY CLEAN - SERF_SD Tile Flow,1jpPy5-ltWk933l3lnBnnQYgmaboQQORC7J5iAUP2oAs,2018-11-08T20:37:20Z,2019-10-15T21:51:50Z
SERF_SD Tile Flow,1fLzkbGCiVEGB85LsJ-CrONrZyBCOPklhD4pi1XIrjAI,2018-01-26T22:15:45Z,2019-10-15T21:51:50Z
BEAR Tile Flow,1TOsGsGYInujmni04MPKCRZ0VJPjSyZ2h06TBjFSuaQ0,2019-10-16T21:05:52Z,2019-10-16T21:08:29Z
BEAR2 Tile Flow,1kKJNiG0lRgjYLmeBsdBPHi0INoeF8SdE0N9XjhxJRh8,2019-10-16T21:12:52Z,2019-10-16T21:14:24Z
CLAY_R Tile Flow,1F3VGEL3u-w-1_UhafkPXg6J8mMkLHZTcjArMDFun9as,2019-10-16T21:23:20Z,2019-10-16T21:24:21Z
DAILY CLEAN - HENRY Tile Flow,105_RXDcMxQkFLRfqgfCGi2VmrPlsDVhoEtdw9LamVGQ,2019-10-17T20:04:28Z,2019-10-17T20:11:55Z
FILLED - SERF_IA Tile Flow,1gO5YyhBo1IJbRAJVvihO8CqpaQF5HVOW5RjvhPDtDY4,2019-10-17T22:21:42Z,2019-10-17T22:24:01Z
CLAY_R Irrigation Water Depth,1I3-EqEn39yuuBfwqeWoPoPF6MGga3pj383kQx3JBtUk,2019-10-18T20:49:05Z,2019-10-18T20:49:47Z
FILLED - DPAC Tile Flow,1ezyMG_qpZ60UXiL0HZb3mp9DGNWQ7y3wkW7M3Kqp254,2019-10-17T22:22:22Z,2019-10-18T21:59:06Z
WILKIN3 Tile Flow,1VeUcHVG8P7E9vm0DXKmmTU88oeMUSCkqREdYdC_btws,2019-10-18T22:42:26Z,2019-10-18T22:43:59Z
BEAR Tile Flow,1TOsGsGYInujmni04MPKCRZ0VJPjSyZ2h06TBjFSuaQ0,2019-10-18T23:01:56Z,2019-10-18T23:03:33Z
BEAR2 Tile Flow,1kKJNiG0lRgjYLmeBsdBPHi0INoeF8SdE0N9XjhxJRh8,2019-10-18T23:02:17Z,2019-10-18T23:03:44Z
BENTON Tile Flow,1HHtjXXsCrjA8H21gHVaL4BZ_naEqtcYoSLJl2bVV8Dc,2019-10-18T23:03:04Z,2019-10-18T23:04:15Z
DIKE Tile Flow,1HewiYHzCetHv0DOIQMdZFbS8cds9cHaNigJvezbPDQo,2019-10-18T23:02:26Z,2019-10-18T23:04:26Z
MAASS Tile Flow,1fknn_glYnW0YjAloCLpXfFoquXlR_RH7EU7l6izR-h0,2019-10-18T23:02:39Z,2019-10-18T23:04:53Z
HICKORY Tile Flow,1donVYD6USyvBrJD-YaGzPcEVOBFilZ64zmBz2AQ7fko,2019-10-18T23:02:55Z,2019-10-18T23:05:10Z
SHEARER Tile Flow,1pzwKsa_klMvOrdajHVCbu83b9lj-1-yZgbnVrhbOPaY,2019-10-18T23:00:17Z,2019-10-18T23:05:33Z
GV - STJOHNS Tile Flow,1ITEBPp2e14_sCirJv5E47qLh1oDpQjhwQ5_g2bTOs7E,2019-10-22T22:46:30Z,2019-10-23T14:45:14Z
STJOHNS Tile Flow,1ia4AUxICcMQ1mD4giprJfJpx8OOABlXU_O2IodFc9RQ,2019-10-22T22:40:08Z,2019-10-23T14:45:14Z
FILLED - STJOHNS Tile Flow,1W2s2tfoGJs0kmRqFv4tYb2GAKCbKuGT9qk6OqTAxUd0,2018-11-15T17:30:17Z,2019-10-23T14:45:14Z
GV - STJOHNS Tile Flow,1ITEBPp2e14_sCirJv5E47qLh1oDpQjhwQ5_g2bTOs7E,2019-10-22T22:46:30Z,2019-10-23T14:46:24Z
GV - STJOHNS Tile Flow,1ITEBPp2e14_sCirJv5E47qLh1oDpQjhwQ5_g2bTOs7E,2019-10-23T15:36:40Z,2019-10-23T15:42:24Z
STJOHNS Tile Flow,1ia4AUxICcMQ1mD4giprJfJpx8OOABlXU_O2IodFc9RQ,2019-10-23T15:40:08Z,2019-10-23T15:43:32Z
GV - STJOHNS Tile Flow,1ITEBPp2e14_sCirJv5E47qLh1oDpQjhwQ5_g2bTOs7E,2019-10-23T15:36:40Z,2019-10-23T15:43:32Z
FILLED - STJOHNS Tile Flow,1W2s2tfoGJs0kmRqFv4tYb2GAKCbKuGT9qk6OqTAxUd0,2018-11-15T17:30:17Z,2019-10-23T15:43:32Z
SERF_IA Tile Flow,1jMxNDuV8-zKXOvVn-Jce-c8httpSkZWqBFdz0BXvGqM,2019-10-23T17:14:12Z,2019-10-23T17:15:56Z
FILLED - SERF_IA Tile Flow,1gO5YyhBo1IJbRAJVvihO8CqpaQF5HVOW5RjvhPDtDY4,2019-10-17T22:21:42Z,2019-10-23T17:15:56Z
DAILY CLEAN - SERF_IA Tile Flow,1E8He8fLjgKuGnrnOFAofUoqnd_KNeFX1jnHvC-ArHtw,2019-10-17T21:58:50Z,2019-10-23T17:15:56Z
ACRE Tile Nitrate-N Load,1yqzpeBGf7PwsE3JdQnQcEZl0qBVa005VCN9-z1AuZyk,2019-04-10T17:40:46Z,2019-10-23T20:15:39Z
ACRE Tile Nitrate-N Load,1yqzpeBGf7PwsE3JdQnQcEZl0qBVa005VCN9-z1AuZyk,2019-04-10T17:40:46Z,2019-10-23T20:47:11Z
SHEARER Tile Nitrate-N Load,1W9WaNV8GoqPP57kuPJ4oNl1t_p98wi5qqOg78IqQuwo,2019-04-30T15:49:57Z,2019-10-23T20:47:17Z
AUGLA Tile Nitrate-N Load,14uAla2xeLpsuQGDPBB9VwLT2n88sibf_sLYoQkU7ItM,2018-03-08T19:31:14Z,2019-10-23T20:47:23Z
UBWC Tile Nitrate-N Load,101LeBB34c7FisWm5kbwq7kBy5rZuWlFZxg4RlIXvFuA,2019-05-20T19:24:44Z,2019-10-23T20:47:30Z
ACRE Tile Nitrate-N Load,1yqzpeBGf7PwsE3JdQnQcEZl0qBVa005VCN9-z1AuZyk,2019-04-10T17:40:46Z,2019-10-23T20:59:05Z
SHEARER Tile Nitrate-N Load,1W9WaNV8GoqPP57kuPJ4oNl1t_p98wi5qqOg78IqQuwo,2019-04-30T15:49:57Z,2019-10-23T20:59:12Z
AUGLA Tile Nitrate-N Load,14uAla2xeLpsuQGDPBB9VwLT2n88sibf_sLYoQkU7ItM,2018-03-08T19:31:14Z,2019-10-23T20:59:18Z
UBWC Tile Nitrate-N Load,101LeBB34c7FisWm5kbwq7kBy5rZuWlFZxg4RlIXvFuA,2019-05-20T19:24:44Z,2019-10-23T20:59:26Z
DPAC Tile Nitrate-N Load,1E7TE4-KmMbcLqKtntB3BsZut__1aF3p3DqFSfwH37rc,2019-10-23T20:58:21Z,2019-10-23T20:59:31Z
ACRE Tile Nitrate-N Load,1yqzpeBGf7PwsE3JdQnQcEZl0qBVa005VCN9-z1AuZyk,2019-04-10T17:40:46Z,2019-10-23T21:06:24Z
SHEARER Tile Nitrate-N Load,1W9WaNV8GoqPP57kuPJ4oNl1t_p98wi5qqOg78IqQuwo,2019-04-30T15:49:57Z,2019-10-23T21:06:30Z
AUGLA Tile Nitrate-N Load,14uAla2xeLpsuQGDPBB9VwLT2n88sibf_sLYoQkU7ItM,2018-03-08T19:31:14Z,2019-10-23T21:06:36Z
UBWC Tile Nitrate-N Load,101LeBB34c7FisWm5kbwq7kBy5rZuWlFZxg4RlIXvFuA,2019-05-20T19:24:44Z,2019-10-23T21:06:42Z
DPAC Tile Nitrate-N Load,1E7TE4-KmMbcLqKtntB3BsZut__1aF3p3DqFSfwH37rc,2019-10-23T20:58:21Z,2019-10-23T21:06:49Z
HARDIN_NW Tile Nitrate-N Load,1388PD3w8FvEMMFPWIRm50QuRWamrMBzO7El2BKGlj0E,2019-10-23T21:02:50Z,2019-10-23T21:06:56Z
HARDIN Tile Nitrate-N Load,1a4bV6losLEVWANe3UqUoT7Ze7fqKbEcEiVKZgzRTvdA,2019-10-23T21:03:59Z,2019-10-23T21:07:02Z
DEFI_M Tile Nitrate-N Load,1W_OkKN_NAoMPz_WoDz0B8S73rRnxaCOF8RQldVK5bWk,2019-10-23T21:04:18Z,2019-10-23T21:07:08Z
CRAWF Tile Nitrate-N Load,1wtWaSPkafmY75I5uPbbFgApnTrZ3UwdfHnq944BindY,2019-10-23T21:03:39Z,2019-10-23T21:07:13Z
WILKIN2 Tile Nitrate-N Load,19LfLzDsmYo-3kuVUEsp6nUk5ytDJ_WfLfF1K_4xKj48,2019-05-06T21:14:44Z,2019-10-23T21:07:30Z
WILKIN1 Tile Nitrate-N Load,14jK8a5ceMspuCjCxgQNUNfpLvg21AA5Vlb8Fd9g9780,2019-03-05T15:40:34Z,2019-10-23T21:07:50Z
TIDE Tile Nitrate-N Load,1EOvWtHluMZKPvU7ESFbLHhoFX4U2qH-RO-_CTXTMfDM,2019-05-20T17:34:33Z,2019-10-23T21:07:56Z
STORY Tile Nitrate-N Load,1JJzb9pPflyRttb4QORcswYndhb9CXkRV2fkVbCtIhyg,2019-10-23T21:05:06Z,2019-10-23T21:08:02Z
BEAR Tile Nitrate-N Load,1-cFqCDfPWu3kcseGrCQnV0w6rhN6Sl3_hpkKE3knSbo,2019-04-26T23:07:15Z,2019-10-23T21:08:10Z
FAIRM Tile Nitrate-N Load,11wIUc3XBOIQCi5ekChWnZ-7NagXUW4K0qwkwbelzmpc,2019-08-22T18:50:19Z,2019-10-23T21:08:18Z
CLAY_R Tile Nitrate-N Load,1inpG6gacbcdsYrpg2Oxqn75d8jlJVzAYjKFQglnf238,2019-03-29T13:58:00Z,2019-10-23T21:08:24Z
WILKIN3 Tile Nitrate-N Load,1M_DhEGyGl9ugpallz3nn75OLHOez2I5VwF9tJbDMgUU,2019-05-06T21:24:51Z,2019-10-23T21:08:34Z
MUDS4 Tile Nitrate-N Load,1j7sXOk7yGk8dTZZkN0X1vFPVsfOeSGHSHKACSmcJL78,2018-03-08T20:27:23Z,2019-10-23T21:08:41Z
MUDS3_OLD Tile Nitrate-N Load,1oCn5vzIA1vnJX1mDSpMIup4LTVstd5TPsTFkdz9X3M4,2019-03-26T21:21:12Z,2019-10-23T21:08:47Z
MUDS2 Tile Nitrate-N Load,1E08xztC5rjZetG4c1MVpKwJSutGI_Ym6LoxS2va0c2s,2018-03-08T20:26:50Z,2019-10-23T21:08:54Z
SERF_IA Tile Nitrate-N Load,1Nk9HAhu5KTEYE9m1DsNna8EifERsiuvlX4tcph_gi3U,2018-04-04T18:47:35Z,2019-10-23T21:09:07Z
SERF_SD Tile Nitrate-N Load,1wpKRvuXs4gzChF2cvkZmSLsEatUBdJrMHUBszLKCtOo,2018-01-26T21:46:36Z,2019-10-23T21:09:14Z
HICKS_B Tile Nitrate-N Load,1z4_pGunWg0GAd5vyz8Z2YaxPQyAYz7lZuJ3Su9WFp-I,2019-05-20T19:11:08Z,2019-10-23T21:09:21Z
SWROC Tile Nitrate-N Load,1hUgXWd-mL6QVAjhoyD6WiUj32LxASdmCLu-U4renBpY,2019-05-28T22:23:32Z,2019-10-23T21:09:28Z
MAASS Tile Nitrate-N Load,1XY0Kp5GXOnH-l7xjyVBIaFXEZHfUvHm2_qHrUWN5Das,2019-05-16T16:07:31Z,2019-10-23T21:09:35Z
HICKORY Tile Nitrate-N Load,1I3IMQxdjUvg2hyxANapz_zMPkB9KolG-hIByXHJu00k,2019-05-16T16:50:43Z,2019-10-23T21:09:41Z
DIKE Tile Nitrate-N Load,1nnLRmAieuTodqzuuBCmJ6lE-2T6wdS9ciOkbHIHyExQ,2019-05-16T20:07:16Z,2019-10-23T21:09:48Z
BENTON Tile Nitrate-N Load,1m_Qla1zkFlhg9fEnp7q0BzES3A-i53vW7aEZtk4fg1k,2019-04-30T15:30:32Z,2019-10-23T21:09:54Z
BEAR2 Tile Nitrate-N Load,1Is-GPH_F4__3U_LWc7ecNQhK0eOjQxR6OFSgLvQbnUs,2019-04-29T19:55:10Z,2019-10-23T21:10:00Z
CLAY_C Tile Nitrate-N Load,12NaaN07Yewz9SgVNtpzlp63WBvJ157nScHPn_pXxKlE,2019-03-28T13:18:35Z,2019-10-23T21:10:06Z
STJOHNS Tile Nitrate-N Load,1ZsL2FQ8_mdPfgldKRcOM8VqdODrVnTWsmoN71erErUI,2018-04-02T17:12:10Z,2019-10-23T21:10:12Z
HENRY Tile Nitrate-N Load,1RDiC-806XiZIxvZTLydlFJ8aS03eaOrHyurX3w0-KPA,2018-04-02T14:24:18Z,2019-10-23T21:10:19Z
MUDS3_NEW Tile Nitrate-N Load,1N2l-Jk1ygYIFso5RxwzgOJXXQFpU5hOwCs6XS9Uwfi0,2018-02-11T04:59:09Z,2019-10-23T21:10:26Z
BATH_A Tile Nitrate-N Load,1-8hZTqFX1R9DZA3FFRNZVB25QSd2HWSKhlUXLwTlu50,2018-02-15T21:05:16Z,2019-10-23T21:10:32Z
CLAY_C Tile Nitrate-N Load,12NaaN07Yewz9SgVNtpzlp63WBvJ157nScHPn_pXxKlE,2019-10-23T21:40:15Z,2019-10-23T21:41:06Z
CLAY_R Tile Nitrate-N Load,1inpG6gacbcdsYrpg2Oxqn75d8jlJVzAYjKFQglnf238,2019-10-23T21:45:50Z,2019-10-23T21:48:52Z
DIKE Tile Nitrate-N Load,1nnLRmAieuTodqzuuBCmJ6lE-2T6wdS9ciOkbHIHyExQ,2019-10-23T22:00:02Z,2019-10-23T22:00:51Z
AUGLA Tile Nitrate-N Load,14uAla2xeLpsuQGDPBB9VwLT2n88sibf_sLYoQkU7ItM,2019-10-24T17:49:27Z,2019-10-24T20:38:48Z
CRAWF Tile Nitrate-N Load,1wtWaSPkafmY75I5uPbbFgApnTrZ3UwdfHnq944BindY,2019-10-24T17:54:17Z,2019-10-24T20:39:09Z
DEFI_M Tile Nitrate-N Load,1W_OkKN_NAoMPz_WoDz0B8S73rRnxaCOF8RQldVK5bWk,2019-10-24T18:07:13Z,2019-10-24T20:39:25Z
HARDIN Tile Nitrate-N Load,1a4bV6losLEVWANe3UqUoT7Ze7fqKbEcEiVKZgzRTvdA,2019-10-24T18:18:35Z,2019-10-24T20:39:44Z
STJOHNS Tile Nitrate-N Load,1ZsL2FQ8_mdPfgldKRcOM8VqdODrVnTWsmoN71erErUI,2019-10-24T18:42:16Z,2019-10-24T20:40:02Z
DPAC Tile Nitrate-N Load,1E7TE4-KmMbcLqKtntB3BsZut__1aF3p3DqFSfwH37rc,2019-10-24T20:22:56Z,2019-10-24T20:40:24Z
SERF_SD Tile Nitrate-N Load,1wpKRvuXs4gzChF2cvkZmSLsEatUBdJrMHUBszLKCtOo,2019-10-24T19:58:20Z,2019-10-24T20:40:42Z
SERF_IA Tile Nitrate-N Load DAILY,1kgYKt6RtgjZcebndZ3Nwt-dFNq59aMteZbecsONx9tc,2019-10-24T21:29:52Z,2019-10-24T21:31:27Z
SERF_IA Tile Nitrate-N Load,1kgYKt6RtgjZcebndZ3Nwt-dFNq59aMteZbecsONx9tc,2019-10-24T21:34:14Z,2019-10-24T21:34:45Z
SERF_IA Tile Nitrate-N Load ORIGINAL,1Nk9HAhu5KTEYE9m1DsNna8EifERsiuvlX4tcph_gi3U,2019-10-24T21:34:04Z,2019-10-24T21:34:45Z
SERF_IA Tile Nitrate-N Load ORIGINAL,1Nk9HAhu5KTEYE9m1DsNna8EifERsiuvlX4tcph_gi3U,2019-10-24T21:34:04Z,2019-10-24T21:37:05Z
ACRE Soil Data,1fcyn1wVJml0DktHdsRG5eRitI1Hka4L1fBNO7dpEWac,2019-06-11T21:54:19Z,2019-11-18T22:37:21Z
DEFI_R Soil Data,1JmP_xOj9LENiPw1Lf2bwor80Aqgnb5aHlE9XTMI7gmQ,2018-10-03T19:09:04Z,2019-11-18T22:37:28Z
VANWERT Soil Data,1SB7zdtl8AppJyootsbB6dbldlBFUe8F6H1vgzzvKbr8,2018-10-03T22:20:55Z,2019-11-18T22:37:34Z
SWROC Soil Data,1KB9fcB4Pld4125VEoO5kRuSibZEUjimJ4xboOYRvec4,2019-03-27T15:03:03Z,2019-11-18T22:37:41Z
CLAY_R Soil Data,1dP2qpWC3wHR5UXaNu-uFYeiEaOplBt2roJJt2aP3BAQ,2019-11-06T20:20:11Z,2019-11-18T22:37:48Z
DPAC Soil Data,1aNnKctWxt74hPfsU_KZxUmbj5Ys9bjPzna_E9dtQHY8,2019-03-05T22:37:52Z,2019-11-18T22:38:01Z
UBWC Soil Data,1KfcM65U7XhInhNGKoBSIxDIQ5Pdjm1cYBxEYUeW3s0Y,2019-05-06T17:41:36Z,2019-11-18T22:38:07Z
STORY Soil Data,1TPjU2pyr73GJbGJASSjmPXH5arkNaroLl7vPb-iFeoY,2019-05-06T15:18:28Z,2019-11-18T22:38:12Z
SERF_SD Soil Data,1rMqakc5bQ8UT35LGBRCUwtxAl3OJr6pBkxbTp07zm-s,2019-11-06T19:49:13Z,2019-11-18T22:38:20Z
SERF_IA Soil Data,1yQjNo4xJwqTVr9E30zZYkRnVOt3EQWAwoc8beZm9dRA,2019-11-06T19:44:55Z,2019-11-18T22:38:27Z
DIKE Soil Data,10N72mc6WYqfx5esTeenuufj4ZbjriTSrh2Qkf3JV1Ms,2019-05-16T15:55:37Z,2019-11-18T22:38:33Z
SHEARER Soil Data,1LRi5FHL36ZEKdKe2MZmwoBHS5ya2t3DxZ4VHj8IvC4o,2019-05-16T16:56:01Z,2019-11-18T22:38:39Z
HICKORY Soil Data,1vpl_rcTelHGrNKJdFvnI3xf9s1i3iq7678iTQNS1GoY,2019-05-16T16:49:28Z,2019-11-18T22:38:45Z
BEAR2 Soil Data,1IPBSnJ-lgTlVTwLEcHCjo5EgCnbl6E0QbuL5ILjFbD4,2019-05-07T16:05:42Z,2019-11-18T22:38:52Z
WILKIN3 Soil Data,1j0qPlUmvWhwuRlYsLI0NfYldKyTQYYgPAzhhLbD0hsA,2019-02-21T19:03:51Z,2019-11-18T22:38:59Z
BENTON Soil Data,1U_UmSUKNiPObJZ0pIlOh-9rVNlTqrVcZ3HDOAvUiulU,2019-09-25T14:30:26Z,2019-11-18T22:39:05Z
MUDS3_NEW Soil Data,14iOVGnweR-kwVWcyzSgxjOzhPUhUBLdZ-AiGSir_N7k,2019-05-15T13:24:12Z,2019-11-18T22:39:11Z
MUDS1 Soil Data,14CK0-g1eKwFZx9Glk-Sg6ymlWWnT-zB5DhtCiWgNxgk,2019-03-26T18:39:40Z,2019-11-18T22:39:18Z
CLAY_U Soil Data,1R4M-SZEpDi8OumBjiiAAcCtO3BZ5sxVBsE1hSjRcq18,2019-03-12T21:12:58Z,2019-11-18T22:39:25Z
HICKS_P Soil Data,1f8MiSc7odvNoOj3PkOCxu77gnggd3hmSve7AMAJE5MU,2019-03-14T16:19:27Z,2019-11-18T22:39:31Z
BEAR Soil Data,1JdHCZuTvPkbtwGiGr3-KjA0fcsuifIrtyTdkZ0B85uQ,2019-05-07T20:58:08Z,2019-11-18T22:39:49Z
MAASS Soil Data,1YNHL6fqD74_08tHqsrn8OFfezqOFVhKcphsYlcgwlOc,2019-05-07T21:38:11Z,2019-11-18T22:40:00Z
TIDE Soil Data,1BH08jcSUM_YM2TSd0BCHNe1IEMhYCx7vuNMtU9D5EXI,2018-02-23T17:19:04Z,2019-11-18T22:40:06Z
MUDS2 Soil Data,14D7Vyj3SzSO2gqee9p9KlAp44Gih_Prjr5gxaupO7gc,2019-03-26T21:34:37Z,2019-11-18T22:40:11Z
FAIRM Soil Data,1hZTHHXdTfS6oGJYlE6xwWHw85vGHuB-YSMnNld_U1aE,2019-02-18T19:29:45Z,2019-11-18T22:40:17Z
CRAWF Soil Data,1sauJ_nqP9dz8AgHQml9hO25iNmFp3Phz733eX5BWhJg,2019-11-18T22:41:57Z,2019-11-18T22:43:11Z
WILKIN1 Soil Data,1prTFIKyiPCSMgzB_IkczHbnbqRvECzPNO8LQY6NnM-w,2019-05-06T17:37:59Z,2019-11-18T22:43:17Z
MUDS3_OLD Soil Data,1DJiQVa7aoTqH33K9G_1pK0kDD7g8F7qpF5K0qbJ-cAo,2019-05-25T20:16:49Z,2019-11-18T22:43:23Z
WILKIN2 Soil Data,1zPlONjo8ZypQyRz-P2fTHz3kN_1BDk0bugeBR1L6G2o,2019-05-06T17:40:40Z,2019-11-18T22:43:29Z
HICKS_B Soil Data,1mvlUqOrrFKlE69gkB7PP4dvsRM4rcymgRDy8ZD7Bojc,2019-03-27T14:36:54Z,2019-11-18T22:43:36Z
MUDS4 Soil Data,1K0l1ZXGVf5BABtLWkwX-ChmgH_gT5gaVZ1JV4lFfM1k,2019-02-28T20:49:03Z,2019-11-18T22:43:42Z
CLAY_C Soil Data,15fzBxgH7exdLsWR0eCsYk3sno9Qyox1fZuIINXXlI6U,2019-03-12T21:13:24Z,2019-11-18T22:43:48Z
BATH_A Soil Data,1nWueTb44ou5WgXPqBn7047eMg0jjIW3A8fRgmTDS1Fs,2018-06-04T21:26:42Z,2019-11-18T22:43:54Z
FULTON Soil Data,174wPT3OEtphpj9WaCoJ7_45KlH8iMwwfnXI4FSxPgVM,2019-02-21T21:09:59Z,2019-11-18T22:43:59Z
HARDIN_NW Soil Data,12EiN8cSCiF0pZ2V0FFb0gQnmi0URV5Z3jHGYrWEbRwo,2019-11-18T22:45:31Z,2019-11-18T22:46:28Z
STJOHNS Soil Data,1_OrOj9OZGahcQ_UAD8v_bMfcbU0b64G7siVcreYwXzM,2018-06-04T19:41:27Z,2019-11-18T22:46:34Z
DEFI_M Soil Data,15gF9e6YesELv7kdNhbLK-haqsXJexmeIQz5gChG1UYY,2019-11-18T22:45:10Z,2019-11-18T22:46:39Z
HARDIN Soil Data,1xiut1Mlb_DbtokoKccoNFOlToU87wFx-Uq1U4sUQU30,2019-11-18T22:45:36Z,2019-11-18T22:46:43Z
HENRY Soil Data,1r6Ffx7hzOc_VZB1u-VgyNJWWI0tfQpdLCRTqNxeiHOc,2019-11-18T22:45:27Z,2019-11-18T22:46:48Z
AUGLA Soil Data,1vlcpdnr0t1ybEoXFF7nK1KjJLXBtTm4AKjkCZ5dKyvE,2019-11-19T18:12:36Z,2019-11-19T18:14:15Z
HICKORY Soil Data,1vpl_rcTelHGrNKJdFvnI3xf9s1i3iq7678iTQNS1GoY,2019-11-19T22:39:29Z,2019-11-19T22:40:11Z
DIKE Soil Data,10N72mc6WYqfx5esTeenuufj4ZbjriTSrh2Qkf3JV1Ms,2019-11-19T22:39:15Z,2019-11-19T22:40:43Z
BENTON Soil Data,1U_UmSUKNiPObJZ0pIlOh-9rVNlTqrVcZ3HDOAvUiulU,2019-11-19T22:38:41Z,2019-11-19T22:40:56Z
BEAR2 Soil Data,1IPBSnJ-lgTlVTwLEcHCjo5EgCnbl6E0QbuL5ILjFbD4,2019-11-19T22:38:29Z,2019-11-19T22:41:08Z
BEAR Soil Data,1JdHCZuTvPkbtwGiGr3-KjA0fcsuifIrtyTdkZ0B85uQ,2019-11-19T22:38:16Z,2019-11-19T22:41:23Z
MAASS Soil Data,1YNHL6fqD74_08tHqsrn8OFfezqOFVhKcphsYlcgwlOc,2019-11-19T22:41:31Z,2019-11-19T22:42:26Z
SHEARER Soil Data,1LRi5FHL36ZEKdKe2MZmwoBHS5ya2t3DxZ4VHj8IvC4o,2019-11-19T22:42:00Z,2019-11-19T22:42:43Z
MAASS Soil Data,1YNHL6fqD74_08tHqsrn8OFfezqOFVhKcphsYlcgwlOc,2019-11-19T22:48:53Z,2019-11-19T22:49:22Z
SHEARER Soil Data,1LRi5FHL36ZEKdKe2MZmwoBHS5ya2t3DxZ4VHj8IvC4o,2019-11-19T23:09:46Z,2019-11-19T23:10:43Z
DIKE Soil Data,10N72mc6WYqfx5esTeenuufj4ZbjriTSrh2Qkf3JV1Ms,2019-11-19T23:05:31Z,2019-11-19T23:48:37Z
BENTON Soil Data,1U_UmSUKNiPObJZ0pIlOh-9rVNlTqrVcZ3HDOAvUiulU,2019-11-20T00:00:51Z,2019-11-20T00:02:50Z
CLAY_R Soil Data,1dP2qpWC3wHR5UXaNu-uFYeiEaOplBt2roJJt2aP3BAQ,2019-11-20T23:13:04Z,2019-11-20T23:14:54Z
CLAY_U Soil Data,1R4M-SZEpDi8OumBjiiAAcCtO3BZ5sxVBsE1hSjRcq18,2019-11-21T17:09:32Z,2019-11-21T17:11:48Z
VANWERT Soil Data,1SB7zdtl8AppJyootsbB6dbldlBFUe8F6H1vgzzvKbr8,2019-11-21T17:58:13Z,2019-11-21T18:00:46Z
MUDS1 Soil Data,14CK0-g1eKwFZx9Glk-Sg6ymlWWnT-zB5DhtCiWgNxgk,2019-11-22T23:21:07Z,2019-11-22T23:21:40Z
MUDS2 Soil Data,14D7Vyj3SzSO2gqee9p9KlAp44Gih_Prjr5gxaupO7gc,2019-11-22T23:21:47Z,2019-11-22T23:23:15Z
MUDS4 Soil Data,1K0l1ZXGVf5BABtLWkwX-ChmgH_gT5gaVZ1JV4lFfM1k,2019-11-22T23:25:06Z,2019-11-22T23:25:51Z
MUDS3_NEW Soil Data,14iOVGnweR-kwVWcyzSgxjOzhPUhUBLdZ-AiGSir_N7k,2019-11-22T23:23:48Z,2019-11-22T23:25:58Z
MUDS3_OLD Soil Data,1DJiQVa7aoTqH33K9G_1pK0kDD7g8F7qpF5K0qbJ-cAo,2019-11-22T23:24:20Z,2019-11-22T23:26:09Z
MUDS1 Soil Data,14CK0-g1eKwFZx9Glk-Sg6ymlWWnT-zB5DhtCiWgNxgk,2019-11-22T23:29:48Z,2019-11-22T23:32:43Z
MUDS3_OLD Soil Data,1DJiQVa7aoTqH33K9G_1pK0kDD7g8F7qpF5K0qbJ-cAo,2019-11-22T23:31:06Z,2019-11-22T23:32:54Z
MUDS2 Soil Data,14D7Vyj3SzSO2gqee9p9KlAp44Gih_Prjr5gxaupO7gc,2019-11-22T23:30:02Z,2019-11-22T23:33:04Z
MUDS3_NEW Soil Data,14iOVGnweR-kwVWcyzSgxjOzhPUhUBLdZ-AiGSir_N7k,2019-11-22T23:23:48Z,2019-11-22T23:33:18Z
MUDS4 Soil Data,1K0l1ZXGVf5BABtLWkwX-ChmgH_gT5gaVZ1JV4lFfM1k,2019-11-22T23:30:57Z,2019-11-22T23:33:31Z
TIDE Soil Data,1BH08jcSUM_YM2TSd0BCHNe1IEMhYCx7vuNMtU9D5EXI,2019-11-23T19:31:13Z,2019-11-23T19:33:49Z
ACRE Soil Data,1fcyn1wVJml0DktHdsRG5eRitI1Hka4L1fBNO7dpEWac,2019-11-23T19:41:26Z,2019-11-23T19:44:27Z
SERF_SD Soil Data,1rMqakc5bQ8UT35LGBRCUwtxAl3OJr6pBkxbTp07zm-s,2019-11-23T19:55:19Z,2019-11-23T19:58:59Z
SERF_IA Soil Data,1yQjNo4xJwqTVr9E30zZYkRnVOt3EQWAwoc8beZm9dRA,2019-11-26T16:47:08Z,2019-11-26T16:48:47Z
DPAC Soil Data,1aNnKctWxt74hPfsU_KZxUmbj5Ys9bjPzna_E9dtQHY8,2019-11-26T17:14:01Z,2019-11-26T17:15:51Z
DPAC Soil Data,1aNnKctWxt74hPfsU_KZxUmbj5Ys9bjPzna_E9dtQHY8,2019-11-26T19:50:16Z,2019-11-26T19:53:21Z
STJOHNS Soil Data,1_OrOj9OZGahcQ_UAD8v_bMfcbU0b64G7siVcreYwXzM,2019-11-26T20:05:52Z,2019-11-26T20:07:34Z
STJOHNS Soil Data,1_OrOj9OZGahcQ_UAD8v_bMfcbU0b64G7siVcreYwXzM,2019-11-26T20:08:58Z,2019-11-26T20:12:40Z
DPAC Soil Data,1aNnKctWxt74hPfsU_KZxUmbj5Ys9bjPzna_E9dtQHY8,2019-11-26T21:01:55Z,2019-11-26T21:03:47Z
CLAY_U Soil Data,1R4M-SZEpDi8OumBjiiAAcCtO3BZ5sxVBsE1hSjRcq18,2019-12-03T20:13:58Z,2019-12-30T22:45:02Z
MUDS1 Soil Data,14CK0-g1eKwFZx9Glk-Sg6ymlWWnT-zB5DhtCiWgNxgk,2019-12-03T19:35:09Z,2019-12-30T22:45:08Z
HICKS_P Soil Data,1f8MiSc7odvNoOj3PkOCxu77gnggd3hmSve7AMAJE5MU,2019-12-03T16:28:01Z,2019-12-30T22:45:14Z
BEAR2 Soil Data,1IPBSnJ-lgTlVTwLEcHCjo5EgCnbl6E0QbuL5ILjFbD4,2019-12-03T18:19:52Z,2019-12-30T22:45:20Z
SERF_IA Soil Data,1yQjNo4xJwqTVr9E30zZYkRnVOt3EQWAwoc8beZm9dRA,2019-12-03T18:18:05Z,2019-12-30T22:45:27Z
SERF_SD Soil Data,1rMqakc5bQ8UT35LGBRCUwtxAl3OJr6pBkxbTp07zm-s,2019-12-03T16:22:51Z,2019-12-30T22:45:34Z
DPAC Soil Data,1aNnKctWxt74hPfsU_KZxUmbj5Ys9bjPzna_E9dtQHY8,2019-12-03T18:14:04Z,2019-12-30T22:45:45Z
ACRE Soil Data,1fcyn1wVJml0DktHdsRG5eRitI1Hka4L1fBNO7dpEWac,2019-12-03T20:12:04Z,2019-12-30T22:45:51Z
STJOHNS Soil Data,1_OrOj9OZGahcQ_UAD8v_bMfcbU0b64G7siVcreYwXzM,2019-12-03T19:32:04Z,2019-12-30T22:45:57Z
HICKS_B Soil Data,1mvlUqOrrFKlE69gkB7PP4dvsRM4rcymgRDy8ZD7Bojc,2019-12-04T19:39:17Z,2019-12-30T22:46:04Z
DIKE Soil Data,10N72mc6WYqfx5esTeenuufj4ZbjriTSrh2Qkf3JV1Ms,2019-12-03T15:40:01Z,2019-12-30T22:46:09Z
BENTON Soil Data,1U_UmSUKNiPObJZ0pIlOh-9rVNlTqrVcZ3HDOAvUiulU,2019-12-03T15:40:06Z,2019-12-30T22:46:15Z
SWROC Soil Data,1KB9fcB4Pld4125VEoO5kRuSibZEUjimJ4xboOYRvec4,2019-12-03T16:07:45Z,2019-12-30T22:46:21Z
SHEARER Soil Data,1LRi5FHL36ZEKdKe2MZmwoBHS5ya2t3DxZ4VHj8IvC4o,2019-12-03T15:39:41Z,2019-12-30T22:46:27Z
MAASS Soil Data,1YNHL6fqD74_08tHqsrn8OFfezqOFVhKcphsYlcgwlOc,2019-12-03T22:52:47Z,2019-12-30T22:46:32Z
BEAR Soil Data,1JdHCZuTvPkbtwGiGr3-KjA0fcsuifIrtyTdkZ0B85uQ,2019-12-03T22:43:27Z,2019-12-30T22:46:37Z
DEFI_M Soil Data,15gF9e6YesELv7kdNhbLK-haqsXJexmeIQz5gChG1UYY,2019-12-03T19:48:59Z,2019-12-30T22:46:43Z
HENRY Soil Data,1r6Ffx7hzOc_VZB1u-VgyNJWWI0tfQpdLCRTqNxeiHOc,2019-12-03T19:48:54Z,2019-12-30T22:46:49Z
CRAWF Soil Data,1sauJ_nqP9dz8AgHQml9hO25iNmFp3Phz733eX5BWhJg,2019-12-03T19:48:48Z,2019-12-30T22:46:55Z
BATH_A Soil Data,1nWueTb44ou5WgXPqBn7047eMg0jjIW3A8fRgmTDS1Fs,2019-12-03T19:48:42Z,2019-12-30T22:47:00Z
AUGLA Soil Data,1vlcpdnr0t1ybEoXFF7nK1KjJLXBtTm4AKjkCZ5dKyvE,2019-12-03T19:48:37Z,2019-12-30T22:47:05Z
HARDIN_NW Soil Data,12EiN8cSCiF0pZ2V0FFb0gQnmi0URV5Z3jHGYrWEbRwo,2019-12-03T19:48:28Z,2019-12-30T22:47:11Z
HARDIN Soil Data,1xiut1Mlb_DbtokoKccoNFOlToU87wFx-Uq1U4sUQU30,2019-12-03T19:48:21Z,2019-12-30T22:47:17Z
MUDS2 Soil Data,14D7Vyj3SzSO2gqee9p9KlAp44Gih_Prjr5gxaupO7gc,2019-12-03T18:43:50Z,2019-12-30T22:47:23Z
MUDS3_NEW Soil Data,14iOVGnweR-kwVWcyzSgxjOzhPUhUBLdZ-AiGSir_N7k,2019-12-03T18:43:00Z,2019-12-30T22:47:28Z
MUDS3_OLD Soil Data,1DJiQVa7aoTqH33K9G_1pK0kDD7g8F7qpF5K0qbJ-cAo,2019-12-03T18:35:51Z,2019-12-30T22:47:35Z
MUDS4 Soil Data,1K0l1ZXGVf5BABtLWkwX-ChmgH_gT5gaVZ1JV4lFfM1k,2019-12-03T18:33:38Z,2019-12-30T22:47:41Z
DEFI_R Soil Data,1JmP_xOj9LENiPw1Lf2bwor80Aqgnb5aHlE9XTMI7gmQ,2019-12-03T15:45:32Z,2019-12-30T22:47:46Z
STORY Soil Data,1TPjU2pyr73GJbGJASSjmPXH5arkNaroLl7vPb-iFeoY,2019-12-03T16:09:57Z,2019-12-30T22:47:53Z
TIDE Soil Data,1BH08jcSUM_YM2TSd0BCHNe1IEMhYCx7vuNMtU9D5EXI,2019-12-03T16:05:17Z,2019-12-30T22:47:58Z
UBWC Soil Data,1KfcM65U7XhInhNGKoBSIxDIQ5Pdjm1cYBxEYUeW3s0Y,2019-12-03T16:01:27Z,2019-12-30T22:48:03Z
WILKIN1 Soil Data,1prTFIKyiPCSMgzB_IkczHbnbqRvECzPNO8LQY6NnM-w,2019-12-03T15:57:48Z,2019-12-30T22:48:08Z
WILKIN2 Soil Data,1zPlONjo8ZypQyRz-P2fTHz3kN_1BDk0bugeBR1L6G2o,2019-12-03T15:56:32Z,2019-12-30T22:48:14Z
WILKIN3 Soil Data,1j0qPlUmvWhwuRlYsLI0NfYldKyTQYYgPAzhhLbD0hsA,2019-12-03T15:53:12Z,2019-12-30T22:48:19Z
VANWERT Soil Data,1SB7zdtl8AppJyootsbB6dbldlBFUe8F6H1vgzzvKbr8,2019-12-03T15:49:02Z,2019-12-30T22:48:25Z
FULTON Soil Data,174wPT3OEtphpj9WaCoJ7_45KlH8iMwwfnXI4FSxPgVM,2019-12-03T15:44:53Z,2019-12-30T22:48:30Z
HICKORY Soil Data,1vpl_rcTelHGrNKJdFvnI3xf9s1i3iq7678iTQNS1GoY,2019-12-03T15:39:56Z,2019-12-30T22:48:36Z
FAIRM Soil Data,1hZTHHXdTfS6oGJYlE6xwWHw85vGHuB-YSMnNld_U1aE,2019-12-03T15:36:26Z,2019-12-30T22:48:41Z
CLAY_R Soil Data,1dP2qpWC3wHR5UXaNu-uFYeiEaOplBt2roJJt2aP3BAQ,2019-12-03T15:32:37Z,2019-12-30T22:48:47Z
CLAY_C Soil Data,15fzBxgH7exdLsWR0eCsYk3sno9Qyox1fZuIINXXlI6U,2019-12-03T15:22:54Z,2019-12-30T22:48:53Z
CLAY_U Soil Data,1R4M-SZEpDi8OumBjiiAAcCtO3BZ5sxVBsE1hSjRcq18,2020-01-03T19:27:36Z,2020-01-03T19:29:55Z
ACRE WQ,1jcHZ3QhTdWnHsciFeFASUJ4_xq1XIJuJLCNY6aTWffM,2020-01-10T17:38:55Z,2020-01-10T17:43:20Z
